2026-08-18 09:43:30,969 INFO o.a.j.u.JMeterUtils: Setting Locale to en_EN
2026-08-18 09:43:30,992 INFO o.a.j.JMeter: Loading user properties from: C:\Users\nguye\Documents\GitHub\HW05-23127116\.tools\apache-jmeter-5.6.3\bin\user.properties
2026-08-18 09:43:30,993 INFO o.a.j.JMeter: Loading system properties from: C:\Users\nguye\Documents\GitHub\HW05-23127116\.tools\apache-jmeter-5.6.3\bin\system.properties
2026-08-18 09:43:30,993 INFO o.a.j.JMeter: Setting JMeter property: host=localhost
2026-08-18 09:43:30,993 INFO o.a.j.JMeter: Setting JMeter property: port=3000
2026-08-18 09:43:30,993 INFO o.a.j.JMeter: Setting JMeter property: data_dir=data
2026-08-18 09:43:30,993 INFO o.a.j.JMeter: Setting JMeter property: stress_threads=400
2026-08-18 09:43:30,993 INFO o.a.j.JMeter: Setting JMeter property: stress_ramp=20
2026-08-18 09:43:30,993 INFO o.a.j.JMeter: Setting JMeter property: stress_duration=60
2026-08-18 09:43:30,993 INFO o.a.j.JMeter: Setting JMeter property: stress_think_min_ms=100
2026-08-18 09:43:30,993 INFO o.a.j.JMeter: Setting JMeter property: stress_think_range_ms=400
2026-08-18 09:43:31,004 INFO o.a.j.JMeter: Copyright (c) 1998-2024 The Apache Software Foundation
2026-08-18 09:43:31,005 INFO o.a.j.JMeter: Version 5.6.3
2026-08-18 09:43:31,005 INFO o.a.j.JMeter: java.version=17.0.19
2026-08-18 09:43:31,005 INFO o.a.j.JMeter: java.vm.name=OpenJDK 64-Bit Server VM
2026-08-18 09:43:31,005 INFO o.a.j.JMeter: os.name=Windows 11
2026-08-18 09:43:31,005 INFO o.a.j.JMeter: os.arch=amd64
2026-08-18 09:43:31,005 INFO o.a.j.JMeter: os.version=10.0
2026-08-18 09:43:31,005 INFO o.a.j.JMeter: file.encoding=Cp1258
2026-08-18 09:43:31,005 INFO o.a.j.JMeter: java.awt.headless=true
2026-08-18 09:43:31,005 INFO o.a.j.JMeter: Max memory     =1073741824
2026-08-18 09:43:31,005 INFO o.a.j.JMeter: Available Processors =12
2026-08-18 09:43:31,016 INFO o.a.j.JMeter: Default Locale=English (EN)
2026-08-18 09:43:31,016 INFO o.a.j.JMeter: JMeter  Locale=English (EN)
2026-08-18 09:43:31,016 INFO o.a.j.JMeter: JMeterHome=C:\Users\nguye\Documents\GitHub\HW05-23127116\.tools\apache-jmeter-5.6.3
2026-08-18 09:43:31,016 INFO o.a.j.JMeter: user.dir  =C:\Users\nguye\Documents\GitHub\Homework05-23127116
2026-08-18 09:43:31,017 INFO o.a.j.JMeter: PWD       =C:\Users\nguye\Documents\GitHub\Homework05-23127116
2026-08-18 09:43:31,018 INFO o.a.j.JMeter: IP: 172.30.48.1 Name: LAPTOP-BKI58MTI FullName: LAPTOP-BKI58MTI.mshome.net
2026-08-18 09:43:31,032 INFO o.a.j.JMeter: Setting property 'jmeter.reportgenerator.outputdir' to:'C:\Users\nguye\Documents\GitHub\Homework05-23127116\html-reports\stress'
2026-08-18 09:43:31,034 INFO o.a.j.s.FileServer: Default base='C:\Users\nguye\Documents\GitHub\Homework05-23127116'
2026-08-18 09:43:31,036 INFO o.a.j.s.FileServer: Set new base='C:\Users\nguye\Documents\GitHub\Homework05-23127116\test-plans'
2026-08-18 09:43:31,221 INFO o.a.j.s.SaveService: Testplan (JMX) version: 2.2. Testlog (JTL) version: 2.2
2026-08-18 09:43:31,247 INFO o.a.j.s.SaveService: Using SaveService properties version 5.0
2026-08-18 09:43:31,250 INFO o.a.j.s.SaveService: Using SaveService properties file encoding UTF-8
2026-08-18 09:43:31,253 INFO o.a.j.s.SaveService: Loading file: C:\Users\nguye\Documents\GitHub\Homework05-23127116\test-plans\23127116_Stress_20260818.jmx
2026-08-18 09:43:31,316 INFO o.a.j.p.h.s.HTTPSamplerBase: Parser for text/html is org.apache.jmeter.protocol.http.parser.LagartoBasedHtmlParser
2026-08-18 09:43:31,316 INFO o.a.j.p.h.s.HTTPSamplerBase: Parser for application/xhtml+xml is org.apache.jmeter.protocol.http.parser.LagartoBasedHtmlParser
2026-08-18 09:43:31,316 INFO o.a.j.p.h.s.HTTPSamplerBase: Parser for application/xml is org.apache.jmeter.protocol.http.parser.LagartoBasedHtmlParser
2026-08-18 09:43:31,316 INFO o.a.j.p.h.s.HTTPSamplerBase: Parser for text/xml is org.apache.jmeter.protocol.http.parser.LagartoBasedHtmlParser
2026-08-18 09:43:31,316 INFO o.a.j.p.h.s.HTTPSamplerBase: Parser for text/vnd.wap.wml is org.apache.jmeter.protocol.http.parser.RegexpHTMLParser
2026-08-18 09:43:31,316 INFO o.a.j.p.h.s.HTTPSamplerBase: Parser for text/css is org.apache.jmeter.protocol.http.parser.CssParser
2026-08-18 09:43:31,341 INFO o.a.j.JMeter: Creating summariser <summary>
2026-08-18 09:43:31,346 INFO o.a.j.r.d.ReportGenerator: ReportGenerator will use for Parsing the separator: ','
2026-08-18 09:43:31,346 INFO o.a.j.r.d.ReportGenerator: Will generate report at end of test from  results file: C:\Users\nguye\Documents\GitHub\Homework05-23127116\results\23127116_Stress_20260818.jtl
2026-08-18 09:43:31,346 INFO o.a.j.r.d.ReportGenerator: Reading report generator properties from: C:\Users\nguye\Documents\GitHub\HW05-23127116\.tools\apache-jmeter-5.6.3\bin\reportgenerator.properties
2026-08-18 09:43:31,347 INFO o.a.j.r.d.ReportGenerator: Merging with JMeter properties
2026-08-18 09:43:31,351 INFO o.a.j.r.c.ReportGeneratorConfiguration: Property 'jmeter.reportgenerator.temp_dir' not found, using default value 'temp' instead.
2026-08-18 09:43:31,354 INFO o.a.j.r.c.ReportGeneratorConfiguration: Property 'jmeter.reportgenerator.apdex_per_transaction' not found, using default value 'null' instead.
2026-08-18 09:43:31,354 INFO o.a.j.r.c.ReportGeneratorConfiguration: apdex_per_transaction is empty, not APDEX per transaction customization
2026-08-18 09:43:31,355 INFO o.a.j.r.c.ReportGeneratorConfiguration: Property 'jmeter.reportgenerator.sample_filter' not found, using default value 'null' instead.
2026-08-18 09:43:31,355 INFO o.a.j.r.c.ReportGeneratorConfiguration: Property 'jmeter.reportgenerator.report_title' not found, using default value 'null' instead.
2026-08-18 09:43:31,355 INFO o.a.j.r.c.ReportGeneratorConfiguration: Property 'jmeter.reportgenerator.start_date' not found, using default value 'null' instead.
2026-08-18 09:43:31,355 INFO o.a.j.r.c.ReportGeneratorConfiguration: Property 'jmeter.reportgenerator.end_date' not found, using default value 'null' instead.
2026-08-18 09:43:31,355 INFO o.a.j.r.c.ReportGeneratorConfiguration: Property 'jmeter.reportgenerator.date_format' not found, using default value 'null' instead.
2026-08-18 09:43:31,356 INFO o.a.j.r.c.ReportGeneratorConfiguration: Will use date range start date: null, end date: null
2026-08-18 09:43:31,359 INFO o.a.j.r.c.ReportGeneratorConfiguration: Property 'jmeter.reportgenerator.graph.totalTPS.exclude_controllers' not found, using default value 'false' instead.
2026-08-18 09:43:31,360 INFO o.a.j.r.c.ReportGeneratorConfiguration: Property 'jmeter.reportgenerator.graph.activeThreadsOverTime.exclude_controllers' not found, using default value 'false' instead.
2026-08-18 09:43:31,360 INFO o.a.j.r.c.ReportGeneratorConfiguration: Property 'jmeter.reportgenerator.graph.timeVsThreads.exclude_controllers' not found, using default value 'false' instead.
2026-08-18 09:43:31,360 INFO o.a.j.r.c.ReportGeneratorConfiguration: Property 'jmeter.reportgenerator.graph.responseTimeDistribution.exclude_controllers' not found, using default value 'false' instead.
2026-08-18 09:43:31,360 INFO o.a.j.r.c.ReportGeneratorConfiguration: Property 'jmeter.reportgenerator.graph.transactionsPerSecond.exclude_controllers' not found, using default value 'false' instead.
2026-08-18 09:43:31,360 INFO o.a.j.r.c.ReportGeneratorConfiguration: Property 'jmeter.reportgenerator.graph.responseTimePercentiles.exclude_controllers' not found, using default value 'false' instead.
2026-08-18 09:43:31,360 INFO o.a.j.r.c.ReportGeneratorConfiguration: Property 'jmeter.reportgenerator.graph.responseTimePercentilesOverTime.exclude_controllers' not found, using default value 'false' instead.
2026-08-18 09:43:31,361 INFO o.a.j.r.c.ReportGeneratorConfiguration: Property 'jmeter.reportgenerator.graph.responseTimesOverTime.exclude_controllers' not found, using default value 'false' instead.
2026-08-18 09:43:31,361 INFO o.a.j.r.c.ReportGeneratorConfiguration: Property 'jmeter.reportgenerator.graph.connectTimeOverTime.exclude_controllers' not found, using default value 'false' instead.
2026-08-18 09:43:31,361 INFO o.a.j.r.c.ReportGeneratorConfiguration: Property 'jmeter.reportgenerator.graph.latenciesOverTime.exclude_controllers' not found, using default value 'false' instead.
2026-08-18 09:43:31,362 INFO o.a.j.r.c.ReportGeneratorConfiguration: Property 'jmeter.reportgenerator.exporter.json.filters_only_sample_series' not found, using default value 'true' instead.
2026-08-18 09:43:31,362 INFO o.a.j.r.c.ReportGeneratorConfiguration: Property 'jmeter.reportgenerator.exporter.json.series_filter' not found, using default value '' instead.
2026-08-18 09:43:31,362 INFO o.a.j.r.c.ReportGeneratorConfiguration: Property 'jmeter.reportgenerator.exporter.json.show_controllers_only' not found, using default value 'false' instead.
2026-08-18 09:43:31,362 INFO o.a.j.r.c.ReportGeneratorConfiguration: Property 'jmeter.reportgenerator.exporter.html.filters_only_sample_series' not found, using default value 'true' instead.
2026-08-18 09:43:31,362 INFO o.a.j.r.c.ReportGeneratorConfiguration: Property 'jmeter.reportgenerator.exporter.html.series_filter' not found, using default value '' instead.
2026-08-18 09:43:31,362 INFO o.a.j.r.c.ReportGeneratorConfiguration: Property 'jmeter.reportgenerator.exporter.html.show_controllers_only' not found, using default value 'false' instead.
2026-08-18 09:43:31,374 INFO o.a.j.e.StandardJMeterEngine: Running the test!
2026-08-18 09:43:31,374 INFO o.a.j.s.SampleEvent: List of sample_variables: []
2026-08-18 09:43:31,374 INFO o.a.j.s.SampleEvent: List of sample_variables: []
2026-08-18 09:43:31,378 INFO o.a.j.e.u.CompoundVariable: Note: Function class names must contain the string: '.functions.'
2026-08-18 09:43:31,378 INFO o.a.j.e.u.CompoundVariable: Note: Function class names must not contain the string: '.gui.'
2026-08-18 09:43:31,467 INFO o.a.j.JMeter: Running test (1787021011467)
2026-08-18 09:43:31,489 INFO o.a.j.e.StandardJMeterEngine: Starting ThreadGroup: 1 : Stress - Account registration
2026-08-18 09:43:31,490 INFO o.a.j.e.StandardJMeterEngine: Starting 400 threads for group Stress - Account registration.
2026-08-18 09:43:31,490 INFO o.a.j.e.StandardJMeterEngine: Thread will continue on error
2026-08-18 09:43:31,490 INFO o.a.j.t.ThreadGroup: Starting thread group... number=1 threads=400 ramp-up=20 delayedStart=false
2026-08-18 09:43:31,650 INFO o.a.j.t.ThreadGroup: Started thread group number 1
2026-08-18 09:43:31,650 INFO o.a.j.e.StandardJMeterEngine: All thread groups have been started
2026-08-18 09:43:31,688 INFO o.a.j.t.JMeterThread: Thread started: Stress - Account registration 1-1
2026-08-18 09:43:31,692 INFO o.a.j.s.FileServer: Stored: data/register_users.csv
2026-08-18 09:43:31,753 INFO o.a.j.t.JMeterThread: Thread started: Stress - Account registration 1-2
2026-08-18 09:43:31,788 INFO o.a.j.t.JMeterThread: Thread started: Stress - Account registration 1-3
2026-08-18 09:43:31,836 INFO o.a.j.t.JMeterThread: Thread started: Stress - Account registration 1-4
2026-08-18 09:43:31,884 INFO o.a.j.t.JMeterThread: Thread started: Stress - Account registration 1-5
2026-08-18 09:43:31,931 INFO o.a.j.t.JMeterThread: Thread started: Stress - Account registration 1-6
2026-08-18 09:43:31,934 INFO o.a.j.p.h.s.HTTPHCAbstractImpl: Local host = LAPTOP-BKI58MTI
2026-08-18 09:43:31,949 INFO o.a.j.p.h.s.HTTPHC4Impl: HTTP request retry count = 0
2026-08-18 09:43:31,952 INFO o.a.j.s.SampleResult: Note: Sample TimeStamps are START times
2026-08-18 09:43:31,953 INFO o.a.j.s.SampleResult: sampleresult.default.encoding is set to UTF-8
2026-08-18 09:43:31,953 INFO o.a.j.s.SampleResult: sampleresult.useNanoTime=true
2026-08-18 09:43:31,953 INFO o.a.j.s.SampleResult: sampleresult.nanoThreadSleep=5000
2026-08-18 09:43:31,983 INFO o.a.j.t.JMeterThread: Thread started: Stress - Account registration 1-7
2026-08-18 09:43:32,030 INFO o.a.j.t.JMeterThread: Thread started: Stress - Account registration 1-8
2026-08-18 09:43:32,089 INFO o.a.j.t.JMeterThread: Thread started: Stress - Account registration 1-9
2026-08-18 09:43:32,139 INFO o.a.j.t.JMeterThread: Thread started: Stress - Account registration 1-10
2026-08-18 09:43:32,188 INFO o.a.j.t.JMeterThread: Thread started: Stress - Account registration 1-11
2026-08-18 09:43:32,200 INFO o.a.j.r.Summariser: summary +      1 in 00:00:01 =    1.4/s Avg:   146 Min:   146 Max:   146 Err:     0 (0.00%) Active: 11 Started: 11 Finished: 0
2026-08-18 09:43:32,237 INFO o.a.j.t.JMeterThread: Thread started: Stress - Account registration 1-12
2026-08-18 09:43:32,286 INFO o.a.j.t.JMeterThread: Thread started: Stress - Account registration 1-13
2026-08-18 09:43:32,345 INFO o.a.j.t.JMeterThread: Thread started: Stress - Account registration 1-14
2026-08-18 09:43:32,377 INFO o.a.j.t.JMeterThread: Thread started: Stress - Account registration 1-15
2026-08-18 09:43:32,431 INFO o.a.j.t.JMeterThread: Thread started: Stress - Account registration 1-16
2026-08-18 09:43:32,474 INFO o.a.j.t.JMeterThread: Thread started: Stress - Account registration 1-17
2026-08-18 09:43:32,534 INFO o.a.j.t.JMeterThread: Thread started: Stress - Account registration 1-18
2026-08-18 09:43:32,571 INFO o.a.j.t.JMeterThread: Thread started: Stress - Account registration 1-19
2026-08-18 09:43:32,621 INFO o.a.j.t.JMeterThread: Thread started: Stress - Account registration 1-20
2026-08-18 09:43:32,690 INFO o.a.j.t.JMeterThread: Thread started: Stress - Account registration 1-21
2026-08-18 09:43:32,722 INFO o.a.j.t.JMeterThread: Thread started: Stress - Account registration 1-22
2026-08-18 09:43:32,787 INFO o.a.j.t.JMeterThread: Thread started: Stress - Account registration 1-23
2026-08-18 09:43:32,834 INFO o.a.j.t.JMeterThread: Thread started: Stress - Account registration 1-24
2026-08-18 09:43:32,886 INFO o.a.j.t.JMeterThread: Thread started: Stress - Account registration 1-25
2026-08-18 09:43:32,938 INFO o.a.j.t.JMeterThread: Thread started: Stress - Account registration 1-26
2026-08-18 09:43:32,971 INFO o.a.j.t.JMeterThread: Thread started: Stress - Account registration 1-27
2026-08-18 09:43:33,020 INFO o.a.j.t.JMeterThread: Thread started: Stress - Account registration 1-28
2026-08-18 09:43:33,071 INFO o.a.j.t.JMeterThread: Thread started: Stress - Account registration 1-29
2026-08-18 09:43:33,120 INFO o.a.j.t.JMeterThread: Thread started: Stress - Account registration 1-30
2026-08-18 09:43:33,181 INFO o.a.j.t.JMeterThread: Thread started: Stress - Account registration 1-31
2026-08-18 09:43:33,220 INFO o.a.j.t.JMeterThread: Thread started: Stress - Account registration 1-32
2026-08-18 09:43:33,264 INFO o.a.j.t.JMeterThread: Thread started: Stress - Account registration 1-33
2026-08-18 09:43:33,331 INFO o.a.j.t.JMeterThread: Thread started: Stress - Account registration 1-34
2026-08-18 09:43:33,367 INFO o.a.j.t.JMeterThread: Thread started: Stress - Account registration 1-35
2026-08-18 09:43:33,432 INFO o.a.j.t.JMeterThread: Thread started: Stress - Account registration 1-36
2026-08-18 09:43:33,463 INFO o.a.j.t.JMeterThread: Thread started: Stress - Account registration 1-37
2026-08-18 09:43:33,522 INFO o.a.j.t.JMeterThread: Thread started: Stress - Account registration 1-38
2026-08-18 09:43:33,567 INFO o.a.j.t.JMeterThread: Thread started: Stress - Account registration 1-39
2026-08-18 09:43:33,613 INFO o.a.j.t.JMeterThread: Thread started: Stress - Account registration 1-40
2026-08-18 09:43:33,666 INFO o.a.j.t.JMeterThread: Thread started: Stress - Account registration 1-41
2026-08-18 09:43:33,711 INFO o.a.j.t.JMeterThread: Thread started: Stress - Account registration 1-42
2026-08-18 09:43:33,763 INFO o.a.j.t.JMeterThread: Thread started: Stress - Account registration 1-43
2026-08-18 09:43:33,811 INFO o.a.j.t.JMeterThread: Thread started: Stress - Account registration 1-44
2026-08-18 09:43:33,875 INFO o.a.j.t.JMeterThread: Thread started: Stress - Account registration 1-45
2026-08-18 09:43:33,913 INFO o.a.j.t.JMeterThread: Thread started: Stress - Account registration 1-46
2026-08-18 09:43:33,962 INFO o.a.j.t.JMeterThread: Thread started: Stress - Account registration 1-47
2026-08-18 09:43:34,011 INFO o.a.j.t.JMeterThread: Thread started: Stress - Account registration 1-48
2026-08-18 09:43:34,062 INFO o.a.j.t.JMeterThread: Thread started: Stress - Account registration 1-49
2026-08-18 09:43:34,122 INFO o.a.j.t.JMeterThread: Thread started: Stress - Account registration 1-50
2026-08-18 09:43:34,162 INFO o.a.j.t.JMeterThread: Thread started: Stress - Account registration 1-51
2026-08-18 09:43:34,222 INFO o.a.j.t.JMeterThread: Thread started: Stress - Account registration 1-52
2026-08-18 09:43:34,255 INFO o.a.j.t.JMeterThread: Thread started: Stress - Account registration 1-53
2026-08-18 09:43:34,308 INFO o.a.j.t.JMeterThread: Thread started: Stress - Account registration 1-54
2026-08-18 09:43:34,363 INFO o.a.j.t.JMeterThread: Thread started: Stress - Account registration 1-55
2026-08-18 09:43:34,407 INFO o.a.j.t.JMeterThread: Thread started: Stress - Account registration 1-56
2026-08-18 09:43:34,455 INFO o.a.j.t.JMeterThread: Thread started: Stress - Account registration 1-57
2026-08-18 09:43:34,520 INFO o.a.j.t.JMeterThread: Thread started: Stress - Account registration 1-58
2026-08-18 09:43:34,567 INFO o.a.j.t.JMeterThread: Thread started: Stress - Account registration 1-59
2026-08-18 09:43:34,617 INFO o.a.j.t.JMeterThread: Thread started: Stress - Account registration 1-60
2026-08-18 09:43:34,664 INFO o.a.j.t.JMeterThread: Thread started: Stress - Account registration 1-61
2026-08-18 09:43:34,709 INFO o.a.j.t.JMeterThread: Thread started: Stress - Account registration 1-62
2026-08-18 09:43:34,754 INFO o.a.j.t.JMeterThread: Thread started: Stress - Account registration 1-63
2026-08-18 09:43:34,805 INFO o.a.j.t.JMeterThread: Thread started: Stress - Account registration 1-64
2026-08-18 09:43:34,853 INFO o.a.j.t.JMeterThread: Thread started: Stress - Account registration 1-65
2026-08-18 09:43:34,903 INFO o.a.j.t.JMeterThread: Thread started: Stress - Account registration 1-66
2026-08-18 09:43:34,961 INFO o.a.j.t.JMeterThread: Thread started: Stress - Account registration 1-67
2026-08-18 09:43:34,999 INFO o.a.j.t.JMeterThread: Thread started: Stress - Account registration 1-68
2026-08-18 09:43:35,062 INFO o.a.j.t.JMeterThread: Thread started: Stress - Account registration 1-69
2026-08-18 09:43:35,101 INFO o.a.j.t.JMeterThread: Thread started: Stress - Account registration 1-70
2026-08-18 09:43:35,165 INFO o.a.j.t.JMeterThread: Thread started: Stress - Account registration 1-71
2026-08-18 09:43:35,199 INFO o.a.j.t.JMeterThread: Thread started: Stress - Account registration 1-72
2026-08-18 09:43:35,255 INFO o.a.j.t.JMeterThread: Thread started: Stress - Account registration 1-73
2026-08-18 09:43:35,295 INFO o.a.j.t.JMeterThread: Thread started: Stress - Account registration 1-74
2026-08-18 09:43:35,355 INFO o.a.j.t.JMeterThread: Thread started: Stress - Account registration 1-75
2026-08-18 09:43:35,411 INFO o.a.j.t.JMeterThread: Thread started: Stress - Account registration 1-76
2026-08-18 09:43:35,464 INFO o.a.j.t.JMeterThread: Thread started: Stress - Account registration 1-77
2026-08-18 09:43:35,511 INFO o.a.j.t.JMeterThread: Thread started: Stress - Account registration 1-78
2026-08-18 09:43:35,547 INFO o.a.j.t.JMeterThread: Thread started: Stress - Account registration 1-79
2026-08-18 09:43:35,598 INFO o.a.j.t.JMeterThread: Thread started: Stress - Account registration 1-80
2026-08-18 09:43:35,658 INFO o.a.j.t.JMeterThread: Thread started: Stress - Account registration 1-81
2026-08-18 09:43:35,711 INFO o.a.j.t.JMeterThread: Thread started: Stress - Account registration 1-82
2026-08-18 09:43:35,744 INFO o.a.j.t.JMeterThread: Thread started: Stress - Account registration 1-83
2026-08-18 09:43:35,797 INFO o.a.j.t.JMeterThread: Thread started: Stress - Account registration 1-84
2026-08-18 09:43:35,845 INFO o.a.j.t.JMeterThread: Thread started: Stress - Account registration 1-85
2026-08-18 09:43:35,895 INFO o.a.j.t.JMeterThread: Thread started: Stress - Account registration 1-86
2026-08-18 09:43:35,944 INFO o.a.j.t.JMeterThread: Thread started: Stress - Account registration 1-87
2026-08-18 09:43:36,012 INFO o.a.j.t.JMeterThread: Thread started: Stress - Account registration 1-88
2026-08-18 09:43:36,057 INFO o.a.j.t.JMeterThread: Thread started: Stress - Account registration 1-89
2026-08-18 09:43:36,093 INFO o.a.j.t.JMeterThread: Thread started: Stress - Account registration 1-90
2026-08-18 09:43:36,156 INFO o.a.j.t.JMeterThread: Thread started: Stress - Account registration 1-91
2026-08-18 09:43:36,207 INFO o.a.j.t.JMeterThread: Thread started: Stress - Account registration 1-92
2026-08-18 09:43:36,245 INFO o.a.j.t.JMeterThread: Thread started: Stress - Account registration 1-93
2026-08-18 09:43:36,305 INFO o.a.j.t.JMeterThread: Thread started: Stress - Account registration 1-94
2026-08-18 09:43:36,345 INFO o.a.j.t.JMeterThread: Thread started: Stress - Account registration 1-95
2026-08-18 09:43:36,393 INFO o.a.j.t.JMeterThread: Thread started: Stress - Account registration 1-96
2026-08-18 09:43:36,455 INFO o.a.j.t.JMeterThread: Thread started: Stress - Account registration 1-97
2026-08-18 09:43:36,506 INFO o.a.j.t.JMeterThread: Thread started: Stress - Account registration 1-98
2026-08-18 09:43:36,543 INFO o.a.j.t.JMeterThread: Thread started: Stress - Account registration 1-99
2026-08-18 09:43:36,594 INFO o.a.j.t.JMeterThread: Thread started: Stress - Account registration 1-100
2026-08-18 09:43:36,642 INFO o.a.j.t.JMeterThread: Thread started: Stress - Account registration 1-101
2026-08-18 09:43:36,692 INFO o.a.j.t.JMeterThread: Thread started: Stress - Account registration 1-102
2026-08-18 09:43:36,753 INFO o.a.j.t.JMeterThread: Thread started: Stress - Account registration 1-103
2026-08-18 09:43:36,791 INFO o.a.j.t.JMeterThread: Thread started: Stress - Account registration 1-104
2026-08-18 09:43:36,846 INFO o.a.j.t.JMeterThread: Thread started: Stress - Account registration 1-105
2026-08-18 09:43:36,889 INFO o.a.j.t.JMeterThread: Thread started: Stress - Account registration 1-106
2026-08-18 09:43:36,951 INFO o.a.j.t.JMeterThread: Thread started: Stress - Account registration 1-107
2026-08-18 09:43:36,994 INFO o.a.j.t.JMeterThread: Thread started: Stress - Account registration 1-108
2026-08-18 09:43:37,037 INFO o.a.j.t.JMeterThread: Thread started: Stress - Account registration 1-109
2026-08-18 09:43:37,086 INFO o.a.j.t.JMeterThread: Thread started: Stress - Account registration 1-110
2026-08-18 09:43:37,138 INFO o.a.j.t.JMeterThread: Thread started: Stress - Account registration 1-111
2026-08-18 09:43:37,183 INFO o.a.j.t.JMeterThread: Thread started: Stress - Account registration 1-112
2026-08-18 09:43:37,235 INFO o.a.j.t.JMeterThread: Thread started: Stress - Account registration 1-113
2026-08-18 09:43:37,299 INFO o.a.j.t.JMeterThread: Thread started: Stress - Account registration 1-114
2026-08-18 09:43:37,335 INFO o.a.j.t.JMeterThread: Thread started: Stress - Account registration 1-115
2026-08-18 09:43:37,384 INFO o.a.j.t.JMeterThread: Thread started: Stress - Account registration 1-116
2026-08-18 09:43:37,440 INFO o.a.j.t.JMeterThread: Thread started: Stress - Account registration 1-117
2026-08-18 09:43:37,483 INFO o.a.j.t.JMeterThread: Thread started: Stress - Account registration 1-118
2026-08-18 09:43:37,530 INFO o.a.j.t.JMeterThread: Thread started: Stress - Account registration 1-119
2026-08-18 09:43:37,589 INFO o.a.j.t.JMeterThread: Thread started: Stress - Account registration 1-120
2026-08-18 09:43:37,645 INFO o.a.j.t.JMeterThread: Thread started: Stress - Account registration 1-121
2026-08-18 09:43:37,684 INFO o.a.j.t.JMeterThread: Thread started: Stress - Account registration 1-122
2026-08-18 09:43:37,732 INFO o.a.j.t.JMeterThread: Thread started: Stress - Account registration 1-123
2026-08-18 09:43:37,796 INFO o.a.j.t.JMeterThread: Thread started: Stress - Account registration 1-124
2026-08-18 09:43:37,832 INFO o.a.j.t.JMeterThread: Thread started: Stress - Account registration 1-125
2026-08-18 09:43:37,881 INFO o.a.j.t.JMeterThread: Thread started: Stress - Account registration 1-126
2026-08-18 09:43:37,947 INFO o.a.j.t.JMeterThread: Thread started: Stress - Account registration 1-127
2026-08-18 09:43:37,986 INFO o.a.j.t.JMeterThread: Thread started: Stress - Account registration 1-128
2026-08-18 09:43:38,042 INFO o.a.j.t.JMeterThread: Thread started: Stress - Account registration 1-129
2026-08-18 09:43:38,085 INFO o.a.j.t.JMeterThread: Thread started: Stress - Account registration 1-130
2026-08-18 09:43:38,132 INFO o.a.j.t.JMeterThread: Thread started: Stress - Account registration 1-131
2026-08-18 09:43:38,195 INFO o.a.j.t.JMeterThread: Thread started: Stress - Account registration 1-132
2026-08-18 09:43:38,231 INFO o.a.j.t.JMeterThread: Thread started: Stress - Account registration 1-133
2026-08-18 09:43:38,283 INFO o.a.j.t.JMeterThread: Thread started: Stress - Account registration 1-134
2026-08-18 09:43:38,328 INFO o.a.j.t.JMeterThread: Thread started: Stress - Account registration 1-135
2026-08-18 09:43:38,378 INFO o.a.j.t.JMeterThread: Thread started: Stress - Account registration 1-136
2026-08-18 09:43:38,430 INFO o.a.j.t.JMeterThread: Thread started: Stress - Account registration 1-137
2026-08-18 09:43:38,492 INFO o.a.j.t.JMeterThread: Thread started: Stress - Account registration 1-138
2026-08-18 09:43:38,527 INFO o.a.j.t.JMeterThread: Thread started: Stress - Account registration 1-139
2026-08-18 09:43:38,578 INFO o.a.j.t.JMeterThread: Thread started: Stress - Account registration 1-140
2026-08-18 09:43:38,628 INFO o.a.j.t.JMeterThread: Thread started: Stress - Account registration 1-141
2026-08-18 09:43:38,678 INFO o.a.j.t.JMeterThread: Thread started: Stress - Account registration 1-142
2026-08-18 09:43:38,727 INFO o.a.j.t.JMeterThread: Thread started: Stress - Account registration 1-143
2026-08-18 09:43:38,775 INFO o.a.j.t.JMeterThread: Thread started: Stress - Account registration 1-144
2026-08-18 09:43:38,833 INFO o.a.j.t.JMeterThread: Thread started: Stress - Account registration 1-145
2026-08-18 09:43:38,876 INFO o.a.j.t.JMeterThread: Thread started: Stress - Account registration 1-146
2026-08-18 09:43:38,926 INFO o.a.j.t.JMeterThread: Thread started: Stress - Account registration 1-147
2026-08-18 09:43:38,976 INFO o.a.j.t.JMeterThread: Thread started: Stress - Account registration 1-148
2026-08-18 09:43:39,021 INFO o.a.j.t.JMeterThread: Thread started: Stress - Account registration 1-149
2026-08-18 09:43:39,074 INFO o.a.j.t.JMeterThread: Thread started: Stress - Account registration 1-150
2026-08-18 09:43:39,124 INFO o.a.j.t.JMeterThread: Thread started: Stress - Account registration 1-151
2026-08-18 09:43:39,174 INFO o.a.j.t.JMeterThread: Thread started: Stress - Account registration 1-152
2026-08-18 09:43:39,230 INFO o.a.j.t.JMeterThread: Thread started: Stress - Account registration 1-153
2026-08-18 09:43:39,280 INFO o.a.j.t.JMeterThread: Thread started: Stress - Account registration 1-154
2026-08-18 09:43:39,320 INFO o.a.j.t.JMeterThread: Thread started: Stress - Account registration 1-155
2026-08-18 09:43:39,383 INFO o.a.j.t.JMeterThread: Thread started: Stress - Account registration 1-156
2026-08-18 09:43:39,429 INFO o.a.j.t.JMeterThread: Thread started: Stress - Account registration 1-157
2026-08-18 09:43:39,474 INFO o.a.j.t.JMeterThread: Thread started: Stress - Account registration 1-158
2026-08-18 09:43:39,518 INFO o.a.j.t.JMeterThread: Thread started: Stress - Account registration 1-159
2026-08-18 09:43:39,569 INFO o.a.j.t.JMeterThread: Thread started: Stress - Account registration 1-160
2026-08-18 09:43:39,619 INFO o.a.j.t.JMeterThread: Thread started: Stress - Account registration 1-161
2026-08-18 09:43:39,666 INFO o.a.j.t.JMeterThread: Thread started: Stress - Account registration 1-162
2026-08-18 09:43:39,716 INFO o.a.j.t.JMeterThread: Thread started: Stress - Account registration 1-163
2026-08-18 09:43:39,778 INFO o.a.j.t.JMeterThread: Thread started: Stress - Account registration 1-164
2026-08-18 09:43:39,816 INFO o.a.j.t.JMeterThread: Thread started: Stress - Account registration 1-165
2026-08-18 09:43:39,865 INFO o.a.j.t.JMeterThread: Thread started: Stress - Account registration 1-166
2026-08-18 09:43:39,914 INFO o.a.j.t.JMeterThread: Thread started: Stress - Account registration 1-167
2026-08-18 09:43:39,967 INFO o.a.j.t.JMeterThread: Thread started: Stress - Account registration 1-168
2026-08-18 09:43:40,014 INFO o.a.j.t.JMeterThread: Thread started: Stress - Account registration 1-169
2026-08-18 09:43:40,062 INFO o.a.j.t.JMeterThread: Thread started: Stress - Account registration 1-170
2026-08-18 09:43:40,119 INFO o.a.j.t.JMeterThread: Thread started: Stress - Account registration 1-171
2026-08-18 09:43:40,161 INFO o.a.j.t.JMeterThread: Thread started: Stress - Account registration 1-172
2026-08-18 09:43:40,209 INFO o.a.j.t.JMeterThread: Thread started: Stress - Account registration 1-173
2026-08-18 09:43:40,268 INFO o.a.j.t.JMeterThread: Thread started: Stress - Account registration 1-174
2026-08-18 09:43:40,321 INFO o.a.j.t.JMeterThread: Thread started: Stress - Account registration 1-175
2026-08-18 09:43:40,373 INFO o.a.j.t.JMeterThread: Thread started: Stress - Account registration 1-176
2026-08-18 09:43:40,424 INFO o.a.j.t.JMeterThread: Thread started: Stress - Account registration 1-177
2026-08-18 09:43:40,464 INFO o.a.j.t.JMeterThread: Thread started: Stress - Account registration 1-178
2026-08-18 09:43:40,512 INFO o.a.j.t.JMeterThread: Thread started: Stress - Account registration 1-179
2026-08-18 09:43:40,576 INFO o.a.j.t.JMeterThread: Thread started: Stress - Account registration 1-180
2026-08-18 09:43:40,626 INFO o.a.j.t.JMeterThread: Thread started: Stress - Account registration 1-181
2026-08-18 09:43:40,675 INFO o.a.j.t.JMeterThread: Thread started: Stress - Account registration 1-182
2026-08-18 09:43:40,709 INFO o.a.j.t.JMeterThread: Thread started: Stress - Account registration 1-183
2026-08-18 09:43:40,760 INFO o.a.j.t.JMeterThread: Thread started: Stress - Account registration 1-184
2026-08-18 09:43:40,811 INFO o.a.j.t.JMeterThread: Thread started: Stress - Account registration 1-185
2026-08-18 09:43:40,858 INFO o.a.j.t.JMeterThread: Thread started: Stress - Account registration 1-186
2026-08-18 09:43:40,912 INFO o.a.j.t.JMeterThread: Thread started: Stress - Account registration 1-187
2026-08-18 09:43:40,959 INFO o.a.j.t.JMeterThread: Thread started: Stress - Account registration 1-188
2026-08-18 09:43:41,012 INFO o.a.j.t.JMeterThread: Thread started: Stress - Account registration 1-189
2026-08-18 09:43:41,070 INFO o.a.j.t.JMeterThread: Thread started: Stress - Account registration 1-190
2026-08-18 09:43:41,108 INFO o.a.j.t.JMeterThread: Thread started: Stress - Account registration 1-191
2026-08-18 09:43:41,158 INFO o.a.j.t.JMeterThread: Thread started: Stress - Account registration 1-192
2026-08-18 09:43:41,207 INFO o.a.j.t.JMeterThread: Thread started: Stress - Account registration 1-193
2026-08-18 09:43:41,257 INFO o.a.j.t.JMeterThread: Thread started: Stress - Account registration 1-194
2026-08-18 09:43:41,308 INFO o.a.j.t.JMeterThread: Thread started: Stress - Account registration 1-195
2026-08-18 09:43:41,357 INFO o.a.j.t.JMeterThread: Thread started: Stress - Account registration 1-196
2026-08-18 09:43:41,404 INFO o.a.j.t.JMeterThread: Thread started: Stress - Account registration 1-197
2026-08-18 09:43:41,461 INFO o.a.j.t.JMeterThread: Thread started: Stress - Account registration 1-198
2026-08-18 09:43:41,506 INFO o.a.j.t.JMeterThread: Thread started: Stress - Account registration 1-199
2026-08-18 09:43:41,552 INFO o.a.j.t.JMeterThread: Thread started: Stress - Account registration 1-200
2026-08-18 09:43:41,608 INFO o.a.j.t.JMeterThread: Thread started: Stress - Account registration 1-201
2026-08-18 09:43:41,653 INFO o.a.j.t.JMeterThread: Thread started: Stress - Account registration 1-202
2026-08-18 09:43:41,703 INFO o.a.j.t.JMeterThread: Thread started: Stress - Account registration 1-203
2026-08-18 09:43:41,754 INFO o.a.j.t.JMeterThread: Thread started: Stress - Account registration 1-204
2026-08-18 09:43:41,803 INFO o.a.j.t.JMeterThread: Thread started: Stress - Account registration 1-205
2026-08-18 09:43:41,853 INFO o.a.j.t.JMeterThread: Thread started: Stress - Account registration 1-206
2026-08-18 09:43:41,902 INFO o.a.j.t.JMeterThread: Thread started: Stress - Account registration 1-207
2026-08-18 09:43:41,959 INFO o.a.j.t.JMeterThread: Thread started: Stress - Account registration 1-208
2026-08-18 09:43:42,001 INFO o.a.j.t.JMeterThread: Thread started: Stress - Account registration 1-209
2026-08-18 09:43:42,050 INFO o.a.j.t.JMeterThread: Thread started: Stress - Account registration 1-210
2026-08-18 09:43:42,097 INFO o.a.j.t.JMeterThread: Thread started: Stress - Account registration 1-211
2026-08-18 09:43:42,150 INFO o.a.j.t.JMeterThread: Thread started: Stress - Account registration 1-212
2026-08-18 09:43:42,199 INFO o.a.j.t.JMeterThread: Thread started: Stress - Account registration 1-213
2026-08-18 09:43:42,248 INFO o.a.j.t.JMeterThread: Thread started: Stress - Account registration 1-214
2026-08-18 09:43:42,298 INFO o.a.j.t.JMeterThread: Thread started: Stress - Account registration 1-215
2026-08-18 09:43:42,348 INFO o.a.j.t.JMeterThread: Thread started: Stress - Account registration 1-216
2026-08-18 09:43:42,397 INFO o.a.j.t.JMeterThread: Thread started: Stress - Account registration 1-217
2026-08-18 09:43:42,448 INFO o.a.j.t.JMeterThread: Thread started: Stress - Account registration 1-218
2026-08-18 09:43:42,504 INFO o.a.j.t.JMeterThread: Thread started: Stress - Account registration 1-219
2026-08-18 09:43:42,545 INFO o.a.j.t.JMeterThread: Thread started: Stress - Account registration 1-220
2026-08-18 09:43:42,609 INFO o.a.j.t.JMeterThread: Thread started: Stress - Account registration 1-221
2026-08-18 09:43:42,645 INFO o.a.j.t.JMeterThread: Thread started: Stress - Account registration 1-222
2026-08-18 09:43:42,712 INFO o.a.j.t.JMeterThread: Thread started: Stress - Account registration 1-223
2026-08-18 09:43:42,749 INFO o.a.j.t.JMeterThread: Thread started: Stress - Account registration 1-224
2026-08-18 09:43:42,793 INFO o.a.j.t.JMeterThread: Thread started: Stress - Account registration 1-225
2026-08-18 09:43:42,849 INFO o.a.j.t.JMeterThread: Thread started: Stress - Account registration 1-226
2026-08-18 09:43:42,902 INFO o.a.j.t.JMeterThread: Thread started: Stress - Account registration 1-227
2026-08-18 09:43:42,950 INFO o.a.j.t.JMeterThread: Thread started: Stress - Account registration 1-228
2026-08-18 09:43:43,001 INFO o.a.j.t.JMeterThread: Thread started: Stress - Account registration 1-229
2026-08-18 09:43:43,049 INFO o.a.j.t.JMeterThread: Thread started: Stress - Account registration 1-230
2026-08-18 09:43:43,100 INFO o.a.j.t.JMeterThread: Thread started: Stress - Account registration 1-231
2026-08-18 09:43:43,149 INFO o.a.j.t.JMeterThread: Thread started: Stress - Account registration 1-232
2026-08-18 09:43:43,194 INFO o.a.j.t.JMeterThread: Thread started: Stress - Account registration 1-233
2026-08-18 09:43:43,245 INFO o.a.j.t.JMeterThread: Thread started: Stress - Account registration 1-234
2026-08-18 09:43:43,298 INFO o.a.j.t.JMeterThread: Thread started: Stress - Account registration 1-235
2026-08-18 09:43:43,354 INFO o.a.j.t.JMeterThread: Thread started: Stress - Account registration 1-236
2026-08-18 09:43:43,404 INFO o.a.j.t.JMeterThread: Thread started: Stress - Account registration 1-237
2026-08-18 09:43:43,448 INFO o.a.j.t.JMeterThread: Thread started: Stress - Account registration 1-238
2026-08-18 09:43:43,492 INFO o.a.j.t.JMeterThread: Thread started: Stress - Account registration 1-239
2026-08-18 09:43:43,540 INFO o.a.j.t.JMeterThread: Thread started: Stress - Account registration 1-240
2026-08-18 09:43:43,591 INFO o.a.j.t.JMeterThread: Thread started: Stress - Account registration 1-241
2026-08-18 09:43:43,639 INFO o.a.j.t.JMeterThread: Thread started: Stress - Account registration 1-242
2026-08-18 09:43:43,692 INFO o.a.j.t.JMeterThread: Thread started: Stress - Account registration 1-243
2026-08-18 09:43:43,741 INFO o.a.j.t.JMeterThread: Thread started: Stress - Account registration 1-244
2026-08-18 09:43:43,798 INFO o.a.j.t.JMeterThread: Thread started: Stress - Account registration 1-245
2026-08-18 09:43:43,839 INFO o.a.j.t.JMeterThread: Thread started: Stress - Account registration 1-246
2026-08-18 09:43:43,889 INFO o.a.j.t.JMeterThread: Thread started: Stress - Account registration 1-247
2026-08-18 09:43:43,944 INFO o.a.j.t.JMeterThread: Thread started: Stress - Account registration 1-248
2026-08-18 09:43:43,993 INFO o.a.j.t.JMeterThread: Thread started: Stress - Account registration 1-249
2026-08-18 09:43:44,045 INFO o.a.j.t.JMeterThread: Thread started: Stress - Account registration 1-250
2026-08-18 09:43:44,093 INFO o.a.j.t.JMeterThread: Thread started: Stress - Account registration 1-251
2026-08-18 09:43:44,143 INFO o.a.j.t.JMeterThread: Thread started: Stress - Account registration 1-252
2026-08-18 09:43:44,189 INFO o.a.j.t.JMeterThread: Thread started: Stress - Account registration 1-253
2026-08-18 09:43:44,242 INFO o.a.j.t.JMeterThread: Thread started: Stress - Account registration 1-254
2026-08-18 09:43:44,291 INFO o.a.j.t.JMeterThread: Thread started: Stress - Account registration 1-255
2026-08-18 09:43:44,343 INFO o.a.j.t.JMeterThread: Thread started: Stress - Account registration 1-256
2026-08-18 09:43:44,391 INFO o.a.j.t.JMeterThread: Thread started: Stress - Account registration 1-257
2026-08-18 09:43:44,442 INFO o.a.j.t.JMeterThread: Thread started: Stress - Account registration 1-258
2026-08-18 09:43:44,493 INFO o.a.j.t.JMeterThread: Thread started: Stress - Account registration 1-259
2026-08-18 09:43:44,534 INFO o.a.j.t.JMeterThread: Thread started: Stress - Account registration 1-260
2026-08-18 09:43:44,589 INFO o.a.j.t.JMeterThread: Thread started: Stress - Account registration 1-261
2026-08-18 09:43:44,642 INFO o.a.j.t.JMeterThread: Thread started: Stress - Account registration 1-262
2026-08-18 09:43:44,690 INFO o.a.j.t.JMeterThread: Thread started: Stress - Account registration 1-263
2026-08-18 09:43:44,735 INFO o.a.j.t.JMeterThread: Thread started: Stress - Account registration 1-264
2026-08-18 09:43:44,788 INFO o.a.j.t.JMeterThread: Thread started: Stress - Account registration 1-265
2026-08-18 09:43:44,840 INFO o.a.j.t.JMeterThread: Thread started: Stress - Account registration 1-266
2026-08-18 09:43:44,886 INFO o.a.j.t.JMeterThread: Thread started: Stress - Account registration 1-267
2026-08-18 09:43:44,935 INFO o.a.j.t.JMeterThread: Thread started: Stress - Account registration 1-268
2026-08-18 09:43:44,985 INFO o.a.j.t.JMeterThread: Thread started: Stress - Account registration 1-269
2026-08-18 09:43:45,040 INFO o.a.j.t.JMeterThread: Thread started: Stress - Account registration 1-270
2026-08-18 09:43:45,085 INFO o.a.j.t.JMeterThread: Thread started: Stress - Account registration 1-271
2026-08-18 09:43:45,140 INFO o.a.j.t.JMeterThread: Thread started: Stress - Account registration 1-272
2026-08-18 09:43:45,183 INFO o.a.j.t.JMeterThread: Thread started: Stress - Account registration 1-273
2026-08-18 09:43:45,240 INFO o.a.j.t.JMeterThread: Thread started: Stress - Account registration 1-274
2026-08-18 09:43:45,290 INFO o.a.j.t.JMeterThread: Thread started: Stress - Account registration 1-275
2026-08-18 09:43:45,340 INFO o.a.j.t.JMeterThread: Thread started: Stress - Account registration 1-276
2026-08-18 09:43:45,389 INFO o.a.j.t.JMeterThread: Thread started: Stress - Account registration 1-277
2026-08-18 09:43:45,439 INFO o.a.j.t.JMeterThread: Thread started: Stress - Account registration 1-278
2026-08-18 09:43:45,489 INFO o.a.j.t.JMeterThread: Thread started: Stress - Account registration 1-279
2026-08-18 09:43:45,541 INFO o.a.j.t.JMeterThread: Thread started: Stress - Account registration 1-280
2026-08-18 09:43:45,588 INFO o.a.j.t.JMeterThread: Thread started: Stress - Account registration 1-281
2026-08-18 09:43:45,629 INFO o.a.j.t.JMeterThread: Thread started: Stress - Account registration 1-282
2026-08-18 09:43:45,687 INFO o.a.j.t.JMeterThread: Thread started: Stress - Account registration 1-283
2026-08-18 09:43:45,736 INFO o.a.j.t.JMeterThread: Thread started: Stress - Account registration 1-284
2026-08-18 09:43:45,787 INFO o.a.j.t.JMeterThread: Thread started: Stress - Account registration 1-285
2026-08-18 09:43:45,836 INFO o.a.j.t.JMeterThread: Thread started: Stress - Account registration 1-286
2026-08-18 09:43:45,886 INFO o.a.j.t.JMeterThread: Thread started: Stress - Account registration 1-287
2026-08-18 09:43:45,935 INFO o.a.j.t.JMeterThread: Thread started: Stress - Account registration 1-288
2026-08-18 09:43:45,986 INFO o.a.j.t.JMeterThread: Thread started: Stress - Account registration 1-289
2026-08-18 09:43:46,036 INFO o.a.j.t.JMeterThread: Thread started: Stress - Account registration 1-290
2026-08-18 09:43:46,085 INFO o.a.j.t.JMeterThread: Thread started: Stress - Account registration 1-291
2026-08-18 09:43:46,134 INFO o.a.j.t.JMeterThread: Thread started: Stress - Account registration 1-292
2026-08-18 09:43:46,185 INFO o.a.j.t.JMeterThread: Thread started: Stress - Account registration 1-293
2026-08-18 09:43:46,235 INFO o.a.j.t.JMeterThread: Thread started: Stress - Account registration 1-294
2026-08-18 09:43:46,285 INFO o.a.j.t.JMeterThread: Thread started: Stress - Account registration 1-295
2026-08-18 09:43:46,331 INFO o.a.j.t.JMeterThread: Thread started: Stress - Account registration 1-296
2026-08-18 09:43:46,388 INFO o.a.j.t.JMeterThread: Thread started: Stress - Account registration 1-297
2026-08-18 09:43:46,429 INFO o.a.j.t.JMeterThread: Thread started: Stress - Account registration 1-298
2026-08-18 09:43:46,477 INFO o.a.j.t.JMeterThread: Thread started: Stress - Account registration 1-299
2026-08-18 09:43:46,534 INFO o.a.j.t.JMeterThread: Thread started: Stress - Account registration 1-300
2026-08-18 09:43:46,575 INFO o.a.j.t.JMeterThread: Thread started: Stress - Account registration 1-301
2026-08-18 09:43:46,635 INFO o.a.j.t.JMeterThread: Thread started: Stress - Account registration 1-302
2026-08-18 09:43:46,674 INFO o.a.j.t.JMeterThread: Thread started: Stress - Account registration 1-303
2026-08-18 09:43:46,735 INFO o.a.j.t.JMeterThread: Thread started: Stress - Account registration 1-304
2026-08-18 09:43:46,784 INFO o.a.j.t.JMeterThread: Thread started: Stress - Account registration 1-305
2026-08-18 09:43:46,824 INFO o.a.j.t.JMeterThread: Thread started: Stress - Account registration 1-306
2026-08-18 09:43:46,885 INFO o.a.j.t.JMeterThread: Thread started: Stress - Account registration 1-307
2026-08-18 09:43:46,923 INFO o.a.j.t.JMeterThread: Thread started: Stress - Account registration 1-308
2026-08-18 09:43:46,971 INFO o.a.j.t.JMeterThread: Thread started: Stress - Account registration 1-309
2026-08-18 09:43:47,021 INFO o.a.j.t.JMeterThread: Thread started: Stress - Account registration 1-310
2026-08-18 09:43:47,071 INFO o.a.j.t.JMeterThread: Thread started: Stress - Account registration 1-311
2026-08-18 09:43:47,121 INFO o.a.j.t.JMeterThread: Thread started: Stress - Account registration 1-312
2026-08-18 09:43:47,170 INFO o.a.j.t.JMeterThread: Thread started: Stress - Account registration 1-313
2026-08-18 09:43:47,228 INFO o.a.j.t.JMeterThread: Thread started: Stress - Account registration 1-314
2026-08-18 09:43:47,274 INFO o.a.j.t.JMeterThread: Thread started: Stress - Account registration 1-315
2026-08-18 09:43:47,317 INFO o.a.j.t.JMeterThread: Thread started: Stress - Account registration 1-316
2026-08-18 09:43:47,382 INFO o.a.j.t.JMeterThread: Thread started: Stress - Account registration 1-317
2026-08-18 09:43:47,416 INFO o.a.j.t.JMeterThread: Thread started: Stress - Account registration 1-318
2026-08-18 09:43:47,481 INFO o.a.j.t.JMeterThread: Thread started: Stress - Account registration 1-319
2026-08-18 09:43:47,529 INFO o.a.j.t.JMeterThread: Thread started: Stress - Account registration 1-320
2026-08-18 09:43:47,567 INFO o.a.j.t.JMeterThread: Thread started: Stress - Account registration 1-321
2026-08-18 09:43:47,616 INFO o.a.j.t.JMeterThread: Thread started: Stress - Account registration 1-322
2026-08-18 09:43:47,678 INFO o.a.j.t.JMeterThread: Thread started: Stress - Account registration 1-323
2026-08-18 09:43:47,713 INFO o.a.j.t.JMeterThread: Thread started: Stress - Account registration 1-324
2026-08-18 09:43:47,770 INFO o.a.j.t.JMeterThread: Thread started: Stress - Account registration 1-325
2026-08-18 09:43:47,824 INFO o.a.j.t.JMeterThread: Thread started: Stress - Account registration 1-326
2026-08-18 09:43:47,873 INFO o.a.j.t.JMeterThread: Thread started: Stress - Account registration 1-327
2026-08-18 09:43:47,925 INFO o.a.j.t.JMeterThread: Thread started: Stress - Account registration 1-328
2026-08-18 09:43:47,972 INFO o.a.j.t.JMeterThread: Thread started: Stress - Account registration 1-329
2026-08-18 09:43:48,018 INFO o.a.j.t.JMeterThread: Thread started: Stress - Account registration 1-330
2026-08-18 09:43:48,073 INFO o.a.j.t.JMeterThread: Thread started: Stress - Account registration 1-331
2026-08-18 09:43:48,121 INFO o.a.j.t.JMeterThread: Thread started: Stress - Account registration 1-332
2026-08-18 09:43:48,173 INFO o.a.j.t.JMeterThread: Thread started: Stress - Account registration 1-333
2026-08-18 09:43:48,223 INFO o.a.j.t.JMeterThread: Thread started: Stress - Account registration 1-334
2026-08-18 09:43:48,272 INFO o.a.j.t.JMeterThread: Thread started: Stress - Account registration 1-335
2026-08-18 09:43:48,321 INFO o.a.j.t.JMeterThread: Thread started: Stress - Account registration 1-336
2026-08-18 09:43:48,372 INFO o.a.j.t.JMeterThread: Thread started: Stress - Account registration 1-337
2026-08-18 09:43:48,420 INFO o.a.j.t.JMeterThread: Thread started: Stress - Account registration 1-338
2026-08-18 09:43:48,466 INFO o.a.j.t.JMeterThread: Thread started: Stress - Account registration 1-339
2026-08-18 09:43:48,525 INFO o.a.j.t.JMeterThread: Thread started: Stress - Account registration 1-340
2026-08-18 09:43:48,570 INFO o.a.j.t.JMeterThread: Thread started: Stress - Account registration 1-341
2026-08-18 09:43:48,620 INFO o.a.j.t.JMeterThread: Thread started: Stress - Account registration 1-342
2026-08-18 09:43:48,672 INFO o.a.j.t.JMeterThread: Thread started: Stress - Account registration 1-343
2026-08-18 09:43:48,718 INFO o.a.j.t.JMeterThread: Thread started: Stress - Account registration 1-344
2026-08-18 09:43:48,768 INFO o.a.j.t.JMeterThread: Thread started: Stress - Account registration 1-345
2026-08-18 09:43:48,809 INFO o.a.j.t.JMeterThread: Thread started: Stress - Account registration 1-346
2026-08-18 09:43:48,867 INFO o.a.j.t.JMeterThread: Thread started: Stress - Account registration 1-347
2026-08-18 09:43:48,905 INFO o.a.j.t.JMeterThread: Thread started: Stress - Account registration 1-348
2026-08-18 09:43:48,967 INFO o.a.j.t.JMeterThread: Thread started: Stress - Account registration 1-349
2026-08-18 09:43:49,008 INFO o.a.j.t.JMeterThread: Thread started: Stress - Account registration 1-350
2026-08-18 09:43:49,065 INFO o.a.j.t.JMeterThread: Thread started: Stress - Account registration 1-351
2026-08-18 09:43:49,107 INFO o.a.j.t.JMeterThread: Thread started: Stress - Account registration 1-352
2026-08-18 09:43:49,165 INFO o.a.j.t.JMeterThread: Thread started: Stress - Account registration 1-353
2026-08-18 09:43:49,215 INFO o.a.j.t.JMeterThread: Thread started: Stress - Account registration 1-354
2026-08-18 09:43:49,254 INFO o.a.j.t.JMeterThread: Thread started: Stress - Account registration 1-355
2026-08-18 09:43:49,314 INFO o.a.j.t.JMeterThread: Thread started: Stress - Account registration 1-356
2026-08-18 09:43:49,365 INFO o.a.j.t.JMeterThread: Thread started: Stress - Account registration 1-357
2026-08-18 09:43:49,404 INFO o.a.j.t.JMeterThread: Thread started: Stress - Account registration 1-358
2026-08-18 09:43:49,462 INFO o.a.j.t.JMeterThread: Thread started: Stress - Account registration 1-359
2026-08-18 09:43:49,513 INFO o.a.j.t.JMeterThread: Thread started: Stress - Account registration 1-360
2026-08-18 09:43:49,562 INFO o.a.j.t.JMeterThread: Thread started: Stress - Account registration 1-361
2026-08-18 09:43:49,611 INFO o.a.j.t.JMeterThread: Thread started: Stress - Account registration 1-362
2026-08-18 09:43:49,662 INFO o.a.j.t.JMeterThread: Thread started: Stress - Account registration 1-363
2026-08-18 09:43:49,712 INFO o.a.j.t.JMeterThread: Thread started: Stress - Account registration 1-364
2026-08-18 09:43:49,761 INFO o.a.j.t.JMeterThread: Thread started: Stress - Account registration 1-365
2026-08-18 09:43:49,810 INFO o.a.j.t.JMeterThread: Thread started: Stress - Account registration 1-366
2026-08-18 09:43:49,859 INFO o.a.j.t.JMeterThread: Thread started: Stress - Account registration 1-367
2026-08-18 09:43:49,909 INFO o.a.j.t.JMeterThread: Thread started: Stress - Account registration 1-368
2026-08-18 09:43:49,960 INFO o.a.j.t.JMeterThread: Thread started: Stress - Account registration 1-369
2026-08-18 09:43:50,009 INFO o.a.j.t.JMeterThread: Thread started: Stress - Account registration 1-370
2026-08-18 09:43:50,061 INFO o.a.j.t.JMeterThread: Thread started: Stress - Account registration 1-371
2026-08-18 09:43:50,102 INFO o.a.j.t.JMeterThread: Thread started: Stress - Account registration 1-372
2026-08-18 09:43:50,158 INFO o.a.j.t.JMeterThread: Thread started: Stress - Account registration 1-373
2026-08-18 09:43:50,209 INFO o.a.j.t.JMeterThread: Thread started: Stress - Account registration 1-374
2026-08-18 09:43:50,257 INFO o.a.j.t.JMeterThread: Thread started: Stress - Account registration 1-375
2026-08-18 09:43:50,308 INFO o.a.j.t.JMeterThread: Thread started: Stress - Account registration 1-376
2026-08-18 09:43:50,357 INFO o.a.j.t.JMeterThread: Thread started: Stress - Account registration 1-377
2026-08-18 09:43:50,407 INFO o.a.j.t.JMeterThread: Thread started: Stress - Account registration 1-378
2026-08-18 09:43:50,457 INFO o.a.j.t.JMeterThread: Thread started: Stress - Account registration 1-379
2026-08-18 09:43:50,506 INFO o.a.j.t.JMeterThread: Thread started: Stress - Account registration 1-380
2026-08-18 09:43:50,552 INFO o.a.j.t.JMeterThread: Thread started: Stress - Account registration 1-381
2026-08-18 09:43:50,605 INFO o.a.j.t.JMeterThread: Thread started: Stress - Account registration 1-382
2026-08-18 09:43:50,655 INFO o.a.j.t.JMeterThread: Thread started: Stress - Account registration 1-383
2026-08-18 09:43:50,702 INFO o.a.j.t.JMeterThread: Thread started: Stress - Account registration 1-384
2026-08-18 09:43:50,752 INFO o.a.j.t.JMeterThread: Thread started: Stress - Account registration 1-385
2026-08-18 09:43:50,804 INFO o.a.j.t.JMeterThread: Thread started: Stress - Account registration 1-386
2026-08-18 09:43:50,851 INFO o.a.j.t.JMeterThread: Thread started: Stress - Account registration 1-387
2026-08-18 09:43:50,901 INFO o.a.j.t.JMeterThread: Thread started: Stress - Account registration 1-388
2026-08-18 09:43:50,953 INFO o.a.j.t.JMeterThread: Thread started: Stress - Account registration 1-389
2026-08-18 09:43:51,004 INFO o.a.j.t.JMeterThread: Thread started: Stress - Account registration 1-390
2026-08-18 09:43:51,054 INFO o.a.j.t.JMeterThread: Thread started: Stress - Account registration 1-391
2026-08-18 09:43:51,103 INFO o.a.j.t.JMeterThread: Thread started: Stress - Account registration 1-392
2026-08-18 09:43:51,150 INFO o.a.j.t.JMeterThread: Thread started: Stress - Account registration 1-393
2026-08-18 09:43:51,202 INFO o.a.j.t.JMeterThread: Thread started: Stress - Account registration 1-394
2026-08-18 09:43:51,250 INFO o.a.j.t.JMeterThread: Thread started: Stress - Account registration 1-395
2026-08-18 09:43:51,301 INFO o.a.j.t.JMeterThread: Thread started: Stress - Account registration 1-396
2026-08-18 09:43:51,340 INFO o.a.j.t.JMeterThread: Thread started: Stress - Account registration 1-397
2026-08-18 09:43:51,389 INFO o.a.j.t.JMeterThread: Thread started: Stress - Account registration 1-398
2026-08-18 09:43:51,439 INFO o.a.j.t.JMeterThread: Thread started: Stress - Account registration 1-399
2026-08-18 09:43:51,489 INFO o.a.j.t.JMeterThread: Thread started: Stress - Account registration 1-400
2026-08-18 09:44:00,047 INFO o.a.j.r.Summariser: summary +   4799 in 00:00:28 =  172.3/s Avg:  1132 Min:     6 Max:  2794 Err:     0 (0.00%) Active: 400 Started: 400 Finished: 0
2026-08-18 09:44:00,048 INFO o.a.j.r.Summariser: summary =   4800 in 00:00:29 =  167.9/s Avg:  1132 Min:     6 Max:  2794 Err:     0 (0.00%)
2026-08-18 09:44:30,198 INFO o.a.j.r.Summariser: summary +   5617 in 00:00:30 =  186.3/s Avg:  1803 Min:   472 Max:  3414 Err:     0 (0.00%) Active: 400 Started: 400 Finished: 0
2026-08-18 09:44:30,199 INFO o.a.j.r.Summariser: summary =  10417 in 00:00:59 =  177.4/s Avg:  1494 Min:     6 Max:  3414 Err:     0 (0.00%)
2026-08-18 09:44:31,113 INFO o.a.j.t.JMeterThread: Thread finished: Stress - Account registration 1-14
2026-08-18 09:44:31,129 INFO o.a.j.t.JMeterThread: Thread finished: Stress - Account registration 1-66
2026-08-18 09:44:31,307 INFO o.a.j.t.JMeterThread: Thread finished: Stress - Account registration 1-165
2026-08-18 09:44:31,323 INFO o.a.j.t.JMeterThread: Thread finished: Stress - Account registration 1-343
2026-08-18 09:44:31,411 INFO o.a.j.t.JMeterThread: Thread finished: Stress - Account registration 1-374
2026-08-18 09:44:31,447 INFO o.a.j.t.JMeterThread: Thread finished: Stress - Account registration 1-207
2026-08-18 09:44:31,767 INFO o.a.j.t.JMeterThread: Stopping because end time detected by thread: Stress - Account registration 1-77
2026-08-18 09:44:31,767 INFO o.a.j.t.JMeterThread: Thread finished: Stress - Account registration 1-77
2026-08-18 09:44:31,852 INFO o.a.j.t.JMeterThread: Stopping because end time detected by thread: Stress - Account registration 1-156
2026-08-18 09:44:31,852 INFO o.a.j.t.JMeterThread: Thread finished: Stress - Account registration 1-156
2026-08-18 09:44:31,870 INFO o.a.j.t.JMeterThread: Stopping because end time detected by thread: Stress - Account registration 1-171
2026-08-18 09:44:31,870 INFO o.a.j.t.JMeterThread: Thread finished: Stress - Account registration 1-171
2026-08-18 09:44:31,988 INFO o.a.j.t.JMeterThread: Stopping because end time detected by thread: Stress - Account registration 1-10
2026-08-18 09:44:31,988 INFO o.a.j.t.JMeterThread: Thread finished: Stress - Account registration 1-10
2026-08-18 09:44:32,041 INFO o.a.j.t.JMeterThread: Stopping because end time detected by thread: Stress - Account registration 1-96
2026-08-18 09:44:32,041 INFO o.a.j.t.JMeterThread: Thread finished: Stress - Account registration 1-96
2026-08-18 09:44:32,129 INFO o.a.j.t.JMeterThread: Stopping because end time detected by thread: Stress - Account registration 1-245
2026-08-18 09:44:32,129 INFO o.a.j.t.JMeterThread: Thread finished: Stress - Account registration 1-245
2026-08-18 09:44:32,259 INFO o.a.j.t.JMeterThread: Stopping because end time detected by thread: Stress - Account registration 1-73
2026-08-18 09:44:32,260 INFO o.a.j.t.JMeterThread: Thread finished: Stress - Account registration 1-73
2026-08-18 09:44:32,268 INFO o.a.j.t.JMeterThread: Stopping because end time detected by thread: Stress - Account registration 1-297
2026-08-18 09:44:32,268 INFO o.a.j.t.JMeterThread: Thread finished: Stress - Account registration 1-297
2026-08-18 09:44:32,273 INFO o.a.j.t.JMeterThread: Stopping because end time detected by thread: Stress - Account registration 1-152
2026-08-18 09:44:32,273 INFO o.a.j.t.JMeterThread: Stopping because end time detected by thread: Stress - Account registration 1-340
2026-08-18 09:44:32,273 INFO o.a.j.t.JMeterThread: Thread finished: Stress - Account registration 1-340
2026-08-18 09:44:32,273 INFO o.a.j.t.JMeterThread: Thread finished: Stress - Account registration 1-152
2026-08-18 09:44:32,273 INFO o.a.j.t.JMeterThread: Stopping because end time detected by thread: Stress - Account registration 1-198
2026-08-18 09:44:32,273 INFO o.a.j.t.JMeterThread: Stopping because end time detected by thread: Stress - Account registration 1-164
2026-08-18 09:44:32,273 INFO o.a.j.t.JMeterThread: Thread finished: Stress - Account registration 1-198
2026-08-18 09:44:32,273 INFO o.a.j.t.JMeterThread: Thread finished: Stress - Account registration 1-164
2026-08-18 09:44:32,273 INFO o.a.j.t.JMeterThread: Stopping because end time detected by thread: Stress - Account registration 1-373
2026-08-18 09:44:32,274 INFO o.a.j.t.JMeterThread: Thread finished: Stress - Account registration 1-373
2026-08-18 09:44:32,274 INFO o.a.j.t.JMeterThread: Stopping because end time detected by thread: Stress - Account registration 1-309
2026-08-18 09:44:32,274 INFO o.a.j.t.JMeterThread: Thread finished: Stress - Account registration 1-309
2026-08-18 09:44:32,274 INFO o.a.j.t.JMeterThread: Stopping because end time detected by thread: Stress - Account registration 1-271
2026-08-18 09:44:32,274 INFO o.a.j.t.JMeterThread: Thread finished: Stress - Account registration 1-271
2026-08-18 09:44:32,274 INFO o.a.j.t.JMeterThread: Stopping because end time detected by thread: Stress - Account registration 1-133
2026-08-18 09:44:32,274 INFO o.a.j.t.JMeterThread: Stopping because end time detected by thread: Stress - Account registration 1-35
2026-08-18 09:44:32,274 INFO o.a.j.t.JMeterThread: Thread finished: Stress - Account registration 1-133
2026-08-18 09:44:32,275 INFO o.a.j.t.JMeterThread: Thread finished: Stress - Account registration 1-35
2026-08-18 09:44:32,275 INFO o.a.j.t.JMeterThread: Stopping because end time detected by thread: Stress - Account registration 1-265
2026-08-18 09:44:32,275 INFO o.a.j.t.JMeterThread: Thread finished: Stress - Account registration 1-265
2026-08-18 09:44:32,275 INFO o.a.j.t.JMeterThread: Stopping because end time detected by thread: Stress - Account registration 1-30
2026-08-18 09:44:32,275 INFO o.a.j.t.JMeterThread: Thread finished: Stress - Account registration 1-30
2026-08-18 09:44:32,275 INFO o.a.j.t.JMeterThread: Stopping because end time detected by thread: Stress - Account registration 1-57
2026-08-18 09:44:32,275 INFO o.a.j.t.JMeterThread: Thread finished: Stress - Account registration 1-57
2026-08-18 09:44:32,275 INFO o.a.j.t.JMeterThread: Stopping because end time detected by thread: Stress - Account registration 1-11
2026-08-18 09:44:32,275 INFO o.a.j.t.JMeterThread: Thread finished: Stress - Account registration 1-11
2026-08-18 09:44:32,275 INFO o.a.j.t.JMeterThread: Stopping because end time detected by thread: Stress - Account registration 1-296
2026-08-18 09:44:32,275 INFO o.a.j.t.JMeterThread: Stopping because end time detected by thread: Stress - Account registration 1-396
2026-08-18 09:44:32,276 INFO o.a.j.t.JMeterThread: Thread finished: Stress - Account registration 1-296
2026-08-18 09:44:32,276 INFO o.a.j.t.JMeterThread: Stopping because end time detected by thread: Stress - Account registration 1-366
2026-08-18 09:44:32,276 INFO o.a.j.t.JMeterThread: Thread finished: Stress - Account registration 1-396
2026-08-18 09:44:32,276 INFO o.a.j.t.JMeterThread: Thread finished: Stress - Account registration 1-366
2026-08-18 09:44:32,276 INFO o.a.j.t.JMeterThread: Stopping because end time detected by thread: Stress - Account registration 1-118
2026-08-18 09:44:32,276 INFO o.a.j.t.JMeterThread: Thread finished: Stress - Account registration 1-118
2026-08-18 09:44:32,276 INFO o.a.j.t.JMeterThread: Stopping because end time detected by thread: Stress - Account registration 1-56
2026-08-18 09:44:32,276 INFO o.a.j.t.JMeterThread: Stopping because end time detected by thread: Stress - Account registration 1-242
2026-08-18 09:44:32,276 INFO o.a.j.t.JMeterThread: Thread finished: Stress - Account registration 1-242
2026-08-18 09:44:32,276 INFO o.a.j.t.JMeterThread: Thread finished: Stress - Account registration 1-56
2026-08-18 09:44:32,276 INFO o.a.j.t.JMeterThread: Stopping because end time detected by thread: Stress - Account registration 1-281
2026-08-18 09:44:32,276 INFO o.a.j.t.JMeterThread: Thread finished: Stress - Account registration 1-281
2026-08-18 09:44:32,277 INFO o.a.j.t.JMeterThread: Stopping because end time detected by thread: Stress - Account registration 1-218
2026-08-18 09:44:32,277 INFO o.a.j.t.JMeterThread: Thread finished: Stress - Account registration 1-218
2026-08-18 09:44:32,277 INFO o.a.j.t.JMeterThread: Stopping because end time detected by thread: Stress - Account registration 1-128
2026-08-18 09:44:32,277 INFO o.a.j.t.JMeterThread: Thread finished: Stress - Account registration 1-128
2026-08-18 09:44:32,277 INFO o.a.j.t.JMeterThread: Stopping because end time detected by thread: Stress - Account registration 1-16
2026-08-18 09:44:32,277 INFO o.a.j.t.JMeterThread: Thread finished: Stress - Account registration 1-16
2026-08-18 09:44:32,277 INFO o.a.j.t.JMeterThread: Stopping because end time detected by thread: Stress - Account registration 1-234
2026-08-18 09:44:32,277 INFO o.a.j.t.JMeterThread: Stopping because end time detected by thread: Stress - Account registration 1-372
2026-08-18 09:44:32,277 INFO o.a.j.t.JMeterThread: Thread finished: Stress - Account registration 1-234
2026-08-18 09:44:32,278 INFO o.a.j.t.JMeterThread: Thread finished: Stress - Account registration 1-372
2026-08-18 09:44:32,278 INFO o.a.j.t.JMeterThread: Stopping because end time detected by thread: Stress - Account registration 1-338
2026-08-18 09:44:32,278 INFO o.a.j.t.JMeterThread: Thread finished: Stress - Account registration 1-338
2026-08-18 09:44:32,288 INFO o.a.j.t.JMeterThread: Stopping because end time detected by thread: Stress - Account registration 1-47
2026-08-18 09:44:32,288 INFO o.a.j.t.JMeterThread: Stopping because end time detected by thread: Stress - Account registration 1-342
2026-08-18 09:44:32,288 INFO o.a.j.t.JMeterThread: Thread finished: Stress - Account registration 1-47
2026-08-18 09:44:32,288 INFO o.a.j.t.JMeterThread: Stopping because end time detected by thread: Stress - Account registration 1-159
2026-08-18 09:44:32,289 INFO o.a.j.t.JMeterThread: Stopping because end time detected by thread: Stress - Account registration 1-317
2026-08-18 09:44:32,289 INFO o.a.j.t.JMeterThread: Thread finished: Stress - Account registration 1-317
2026-08-18 09:44:32,289 INFO o.a.j.t.JMeterThread: Thread finished: Stress - Account registration 1-159
2026-08-18 09:44:32,289 INFO o.a.j.t.JMeterThread: Thread finished: Stress - Account registration 1-342
2026-08-18 09:44:32,289 INFO o.a.j.t.JMeterThread: Stopping because end time detected by thread: Stress - Account registration 1-328
2026-08-18 09:44:32,289 INFO o.a.j.t.JMeterThread: Thread finished: Stress - Account registration 1-328
2026-08-18 09:44:32,289 INFO o.a.j.t.JMeterThread: Stopping because end time detected by thread: Stress - Account registration 1-260
2026-08-18 09:44:32,289 INFO o.a.j.t.JMeterThread: Thread finished: Stress - Account registration 1-260
2026-08-18 09:44:32,290 INFO o.a.j.t.JMeterThread: Stopping because end time detected by thread: Stress - Account registration 1-392
2026-08-18 09:44:32,290 INFO o.a.j.t.JMeterThread: Stopping because end time detected by thread: Stress - Account registration 1-378
2026-08-18 09:44:32,290 INFO o.a.j.t.JMeterThread: Stopping because end time detected by thread: Stress - Account registration 1-206
2026-08-18 09:44:32,290 INFO o.a.j.t.JMeterThread: Thread finished: Stress - Account registration 1-392
2026-08-18 09:44:32,290 INFO o.a.j.t.JMeterThread: Thread finished: Stress - Account registration 1-378
2026-08-18 09:44:32,290 INFO o.a.j.t.JMeterThread: Thread finished: Stress - Account registration 1-206
2026-08-18 09:44:32,290 INFO o.a.j.t.JMeterThread: Stopping because end time detected by thread: Stress - Account registration 1-264
2026-08-18 09:44:32,290 INFO o.a.j.t.JMeterThread: Thread finished: Stress - Account registration 1-264
2026-08-18 09:44:32,290 INFO o.a.j.t.JMeterThread: Stopping because end time detected by thread: Stress - Account registration 1-286
2026-08-18 09:44:32,290 INFO o.a.j.t.JMeterThread: Thread finished: Stress - Account registration 1-286
2026-08-18 09:44:32,290 INFO o.a.j.t.JMeterThread: Stopping because end time detected by thread: Stress - Account registration 1-135
2026-08-18 09:44:32,290 INFO o.a.j.t.JMeterThread: Stopping because end time detected by thread: Stress - Account registration 1-32
2026-08-18 09:44:32,290 INFO o.a.j.t.JMeterThread: Thread finished: Stress - Account registration 1-32
2026-08-18 09:44:32,290 INFO o.a.j.t.JMeterThread: Thread finished: Stress - Account registration 1-135
2026-08-18 09:44:32,291 INFO o.a.j.t.JMeterThread: Stopping because end time detected by thread: Stress - Account registration 1-161
2026-08-18 09:44:32,291 INFO o.a.j.t.JMeterThread: Thread finished: Stress - Account registration 1-161
2026-08-18 09:44:32,291 INFO o.a.j.t.JMeterThread: Stopping because end time detected by thread: Stress - Account registration 1-362
2026-08-18 09:44:32,291 INFO o.a.j.t.JMeterThread: Thread finished: Stress - Account registration 1-362
2026-08-18 09:44:32,291 INFO o.a.j.t.JMeterThread: Stopping because end time detected by thread: Stress - Account registration 1-1
2026-08-18 09:44:32,291 INFO o.a.j.t.JMeterThread: Thread finished: Stress - Account registration 1-1
2026-08-18 09:44:32,291 INFO o.a.j.t.JMeterThread: Stopping because end time detected by thread: Stress - Account registration 1-395
2026-08-18 09:44:32,291 INFO o.a.j.t.JMeterThread: Stopping because end time detected by thread: Stress - Account registration 1-108
2026-08-18 09:44:32,291 INFO o.a.j.t.JMeterThread: Thread finished: Stress - Account registration 1-395
2026-08-18 09:44:32,292 INFO o.a.j.t.JMeterThread: Thread finished: Stress - Account registration 1-108
2026-08-18 09:44:32,292 INFO o.a.j.t.JMeterThread: Stopping because end time detected by thread: Stress - Account registration 1-380
2026-08-18 09:44:32,292 INFO o.a.j.t.JMeterThread: Thread finished: Stress - Account registration 1-380
2026-08-18 09:44:32,292 INFO o.a.j.t.JMeterThread: Stopping because end time detected by thread: Stress - Account registration 1-304
2026-08-18 09:44:32,292 INFO o.a.j.t.JMeterThread: Thread finished: Stress - Account registration 1-304
2026-08-18 09:44:32,292 INFO o.a.j.t.JMeterThread: Stopping because end time detected by thread: Stress - Account registration 1-50
2026-08-18 09:44:32,292 INFO o.a.j.t.JMeterThread: Thread finished: Stress - Account registration 1-50
2026-08-18 09:44:32,292 INFO o.a.j.t.JMeterThread: Stopping because end time detected by thread: Stress - Account registration 1-333
2026-08-18 09:44:32,292 INFO o.a.j.t.JMeterThread: Stopping because end time detected by thread: Stress - Account registration 1-5
2026-08-18 09:44:32,293 INFO o.a.j.t.JMeterThread: Thread finished: Stress - Account registration 1-333
2026-08-18 09:44:32,293 INFO o.a.j.t.JMeterThread: Thread finished: Stress - Account registration 1-5
2026-08-18 09:44:32,293 INFO o.a.j.t.JMeterThread: Stopping because end time detected by thread: Stress - Account registration 1-231
2026-08-18 09:44:32,293 INFO o.a.j.t.JMeterThread: Thread finished: Stress - Account registration 1-231
2026-08-18 09:44:32,293 INFO o.a.j.t.JMeterThread: Stopping because end time detected by thread: Stress - Account registration 1-55
2026-08-18 09:44:32,293 INFO o.a.j.t.JMeterThread: Thread finished: Stress - Account registration 1-55
2026-08-18 09:44:32,293 INFO o.a.j.t.JMeterThread: Stopping because end time detected by thread: Stress - Account registration 1-63
2026-08-18 09:44:32,293 INFO o.a.j.t.JMeterThread: Thread finished: Stress - Account registration 1-63
2026-08-18 09:44:32,293 INFO o.a.j.t.JMeterThread: Stopping because end time detected by thread: Stress - Account registration 1-140
2026-08-18 09:44:32,294 INFO o.a.j.t.JMeterThread: Stopping because end time detected by thread: Stress - Account registration 1-174
2026-08-18 09:44:32,294 INFO o.a.j.t.JMeterThread: Thread finished: Stress - Account registration 1-140
2026-08-18 09:44:32,294 INFO o.a.j.t.JMeterThread: Stopping because end time detected by thread: Stress - Account registration 1-130
2026-08-18 09:44:32,294 INFO o.a.j.t.JMeterThread: Thread finished: Stress - Account registration 1-174
2026-08-18 09:44:32,294 INFO o.a.j.t.JMeterThread: Thread finished: Stress - Account registration 1-130
2026-08-18 09:44:32,294 INFO o.a.j.t.JMeterThread: Stopping because end time detected by thread: Stress - Account registration 1-36
2026-08-18 09:44:32,294 INFO o.a.j.t.JMeterThread: Thread finished: Stress - Account registration 1-36
2026-08-18 09:44:32,294 INFO o.a.j.t.JMeterThread: Stopping because end time detected by thread: Stress - Account registration 1-68
2026-08-18 09:44:32,294 INFO o.a.j.t.JMeterThread: Thread finished: Stress - Account registration 1-68
2026-08-18 09:44:32,295 INFO o.a.j.t.JMeterThread: Stopping because end time detected by thread: Stress - Account registration 1-253
2026-08-18 09:44:32,295 INFO o.a.j.t.JMeterThread: Stopping because end time detected by thread: Stress - Account registration 1-160
2026-08-18 09:44:32,295 INFO o.a.j.t.JMeterThread: Thread finished: Stress - Account registration 1-253
2026-08-18 09:44:32,295 INFO o.a.j.t.JMeterThread: Thread finished: Stress - Account registration 1-160
2026-08-18 09:44:32,295 INFO o.a.j.t.JMeterThread: Stopping because end time detected by thread: Stress - Account registration 1-172
2026-08-18 09:44:32,295 INFO o.a.j.t.JMeterThread: Thread finished: Stress - Account registration 1-172
2026-08-18 09:44:32,295 INFO o.a.j.t.JMeterThread: Stopping because end time detected by thread: Stress - Account registration 1-251
2026-08-18 09:44:32,295 INFO o.a.j.t.JMeterThread: Thread finished: Stress - Account registration 1-251
2026-08-18 09:44:32,296 INFO o.a.j.t.JMeterThread: Stopping because end time detected by thread: Stress - Account registration 1-52
2026-08-18 09:44:32,296 INFO o.a.j.t.JMeterThread: Thread finished: Stress - Account registration 1-52
2026-08-18 09:44:32,296 INFO o.a.j.t.JMeterThread: Stopping because end time detected by thread: Stress - Account registration 1-58
2026-08-18 09:44:32,296 INFO o.a.j.t.JMeterThread: Stopping because end time detected by thread: Stress - Account registration 1-230
2026-08-18 09:44:32,296 INFO o.a.j.t.JMeterThread: Thread finished: Stress - Account registration 1-58
2026-08-18 09:44:32,296 INFO o.a.j.t.JMeterThread: Thread finished: Stress - Account registration 1-230
2026-08-18 09:44:32,296 INFO o.a.j.t.JMeterThread: Stopping because end time detected by thread: Stress - Account registration 1-185
2026-08-18 09:44:32,296 INFO o.a.j.t.JMeterThread: Thread finished: Stress - Account registration 1-185
2026-08-18 09:44:32,296 INFO o.a.j.t.JMeterThread: Stopping because end time detected by thread: Stress - Account registration 1-12
2026-08-18 09:44:32,296 INFO o.a.j.t.JMeterThread: Thread finished: Stress - Account registration 1-12
2026-08-18 09:44:32,297 INFO o.a.j.t.JMeterThread: Stopping because end time detected by thread: Stress - Account registration 1-220
2026-08-18 09:44:32,297 INFO o.a.j.t.JMeterThread: Thread finished: Stress - Account registration 1-220
2026-08-18 09:44:32,297 INFO o.a.j.t.JMeterThread: Stopping because end time detected by thread: Stress - Account registration 1-123
2026-08-18 09:44:32,297 INFO o.a.j.t.JMeterThread: Stopping because end time detected by thread: Stress - Account registration 1-129
2026-08-18 09:44:32,297 INFO o.a.j.t.JMeterThread: Thread finished: Stress - Account registration 1-129
2026-08-18 09:44:32,297 INFO o.a.j.t.JMeterThread: Thread finished: Stress - Account registration 1-123
2026-08-18 09:44:32,297 INFO o.a.j.t.JMeterThread: Stopping because end time detected by thread: Stress - Account registration 1-274
2026-08-18 09:44:32,297 INFO o.a.j.t.JMeterThread: Thread finished: Stress - Account registration 1-274
2026-08-18 09:44:32,297 INFO o.a.j.t.JMeterThread: Stopping because end time detected by thread: Stress - Account registration 1-223
2026-08-18 09:44:32,298 INFO o.a.j.t.JMeterThread: Thread finished: Stress - Account registration 1-223
2026-08-18 09:44:32,298 INFO o.a.j.t.JMeterThread: Stopping because end time detected by thread: Stress - Account registration 1-385
2026-08-18 09:44:32,298 INFO o.a.j.t.JMeterThread: Thread finished: Stress - Account registration 1-385
2026-08-18 09:44:32,298 INFO o.a.j.t.JMeterThread: Stopping because end time detected by thread: Stress - Account registration 1-29
2026-08-18 09:44:32,298 INFO o.a.j.t.JMeterThread: Stopping because end time detected by thread: Stress - Account registration 1-268
2026-08-18 09:44:32,298 INFO o.a.j.t.JMeterThread: Thread finished: Stress - Account registration 1-29
2026-08-18 09:44:32,298 INFO o.a.j.t.JMeterThread: Thread finished: Stress - Account registration 1-268
2026-08-18 09:44:32,298 INFO o.a.j.t.JMeterThread: Stopping because end time detected by thread: Stress - Account registration 1-255
2026-08-18 09:44:32,298 INFO o.a.j.t.JMeterThread: Stopping because end time detected by thread: Stress - Account registration 1-351
2026-08-18 09:44:32,298 INFO o.a.j.t.JMeterThread: Thread finished: Stress - Account registration 1-255
2026-08-18 09:44:32,299 INFO o.a.j.t.JMeterThread: Thread finished: Stress - Account registration 1-351
2026-08-18 09:44:32,299 INFO o.a.j.t.JMeterThread: Stopping because end time detected by thread: Stress - Account registration 1-100
2026-08-18 09:44:32,299 INFO o.a.j.t.JMeterThread: Thread finished: Stress - Account registration 1-100
2026-08-18 09:44:32,299 INFO o.a.j.t.JMeterThread: Stopping because end time detected by thread: Stress - Account registration 1-147
2026-08-18 09:44:32,299 INFO o.a.j.t.JMeterThread: Stopping because end time detected by thread: Stress - Account registration 1-276
2026-08-18 09:44:32,299 INFO o.a.j.t.JMeterThread: Thread finished: Stress - Account registration 1-147
2026-08-18 09:44:32,299 INFO o.a.j.t.JMeterThread: Thread finished: Stress - Account registration 1-276
2026-08-18 09:44:32,299 INFO o.a.j.t.JMeterThread: Stopping because end time detected by thread: Stress - Account registration 1-157
2026-08-18 09:44:32,299 INFO o.a.j.t.JMeterThread: Thread finished: Stress - Account registration 1-157
2026-08-18 09:44:32,299 INFO o.a.j.t.JMeterThread: Stopping because end time detected by thread: Stress - Account registration 1-292
2026-08-18 09:44:32,300 INFO o.a.j.t.JMeterThread: Thread finished: Stress - Account registration 1-292
2026-08-18 09:44:32,300 INFO o.a.j.t.JMeterThread: Stopping because end time detected by thread: Stress - Account registration 1-87
2026-08-18 09:44:32,300 INFO o.a.j.t.JMeterThread: Thread finished: Stress - Account registration 1-87
2026-08-18 09:44:32,300 INFO o.a.j.t.JMeterThread: Stopping because end time detected by thread: Stress - Account registration 1-302
2026-08-18 09:44:32,300 INFO o.a.j.t.JMeterThread: Stopping because end time detected by thread: Stress - Account registration 1-353
2026-08-18 09:44:32,300 INFO o.a.j.t.JMeterThread: Thread finished: Stress - Account registration 1-302
2026-08-18 09:44:32,300 INFO o.a.j.t.JMeterThread: Thread finished: Stress - Account registration 1-353
2026-08-18 09:44:32,300 INFO o.a.j.t.JMeterThread: Stopping because end time detected by thread: Stress - Account registration 1-227
2026-08-18 09:44:32,300 INFO o.a.j.t.JMeterThread: Thread finished: Stress - Account registration 1-227
2026-08-18 09:44:32,300 INFO o.a.j.t.JMeterThread: Stopping because end time detected by thread: Stress - Account registration 1-74
2026-08-18 09:44:32,300 INFO o.a.j.t.JMeterThread: Thread finished: Stress - Account registration 1-74
2026-08-18 09:44:32,301 INFO o.a.j.t.JMeterThread: Stopping because end time detected by thread: Stress - Account registration 1-319
2026-08-18 09:44:32,301 INFO o.a.j.t.JMeterThread: Thread finished: Stress - Account registration 1-319
2026-08-18 09:44:32,301 INFO o.a.j.t.JMeterThread: Stopping because end time detected by thread: Stress - Account registration 1-7
2026-08-18 09:44:32,301 INFO o.a.j.t.JMeterThread: Stopping because end time detected by thread: Stress - Account registration 1-322
2026-08-18 09:44:32,301 INFO o.a.j.t.JMeterThread: Thread finished: Stress - Account registration 1-7
2026-08-18 09:44:32,301 INFO o.a.j.t.JMeterThread: Thread finished: Stress - Account registration 1-322
2026-08-18 09:44:32,301 INFO o.a.j.t.JMeterThread: Stopping because end time detected by thread: Stress - Account registration 1-331
2026-08-18 09:44:32,301 INFO o.a.j.t.JMeterThread: Thread finished: Stress - Account registration 1-331
2026-08-18 09:44:32,301 INFO o.a.j.t.JMeterThread: Stopping because end time detected by thread: Stress - Account registration 1-258
2026-08-18 09:44:32,301 INFO o.a.j.t.JMeterThread: Thread finished: Stress - Account registration 1-258
2026-08-18 09:44:32,301 INFO o.a.j.t.JMeterThread: Stopping because end time detected by thread: Stress - Account registration 1-325
2026-08-18 09:44:32,301 INFO o.a.j.t.JMeterThread: Thread finished: Stress - Account registration 1-325
2026-08-18 09:44:32,302 INFO o.a.j.t.JMeterThread: Stopping because end time detected by thread: Stress - Account registration 1-61
2026-08-18 09:44:32,302 INFO o.a.j.t.JMeterThread: Thread finished: Stress - Account registration 1-61
2026-08-18 09:44:32,303 INFO o.a.j.t.JMeterThread: Stopping because end time detected by thread: Stress - Account registration 1-167
2026-08-18 09:44:32,303 INFO o.a.j.t.JMeterThread: Thread finished: Stress - Account registration 1-167
2026-08-18 09:44:32,303 INFO o.a.j.t.JMeterThread: Stopping because end time detected by thread: Stress - Account registration 1-330
2026-08-18 09:44:32,303 INFO o.a.j.t.JMeterThread: Thread finished: Stress - Account registration 1-330
2026-08-18 09:44:32,303 INFO o.a.j.t.JMeterThread: Stopping because end time detected by thread: Stress - Account registration 1-6
2026-08-18 09:44:32,303 INFO o.a.j.t.JMeterThread: Thread finished: Stress - Account registration 1-6
2026-08-18 09:44:32,303 INFO o.a.j.t.JMeterThread: Stopping because end time detected by thread: Stress - Account registration 1-335
2026-08-18 09:44:32,303 INFO o.a.j.t.JMeterThread: Thread finished: Stress - Account registration 1-335
2026-08-18 09:44:32,303 INFO o.a.j.t.JMeterThread: Stopping because end time detected by thread: Stress - Account registration 1-8
2026-08-18 09:44:32,303 INFO o.a.j.t.JMeterThread: Stopping because end time detected by thread: Stress - Account registration 1-377
2026-08-18 09:44:32,304 INFO o.a.j.t.JMeterThread: Thread finished: Stress - Account registration 1-8
2026-08-18 09:44:32,304 INFO o.a.j.t.JMeterThread: Thread finished: Stress - Account registration 1-377
2026-08-18 09:44:32,304 INFO o.a.j.t.JMeterThread: Stopping because end time detected by thread: Stress - Account registration 1-359
2026-08-18 09:44:32,304 INFO o.a.j.t.JMeterThread: Thread finished: Stress - Account registration 1-359
2026-08-18 09:44:32,304 INFO o.a.j.t.JMeterThread: Stopping because end time detected by thread: Stress - Account registration 1-250
2026-08-18 09:44:32,304 INFO o.a.j.t.JMeterThread: Thread finished: Stress - Account registration 1-250
2026-08-18 09:44:32,304 INFO o.a.j.t.JMeterThread: Stopping because end time detected by thread: Stress - Account registration 1-221
2026-08-18 09:44:32,304 INFO o.a.j.t.JMeterThread: Thread finished: Stress - Account registration 1-221
2026-08-18 09:44:32,304 INFO o.a.j.t.JMeterThread: Stopping because end time detected by thread: Stress - Account registration 1-64
2026-08-18 09:44:32,304 INFO o.a.j.t.JMeterThread: Stopping because end time detected by thread: Stress - Account registration 1-267
2026-08-18 09:44:32,304 INFO o.a.j.t.JMeterThread: Thread finished: Stress - Account registration 1-64
2026-08-18 09:44:32,304 INFO o.a.j.t.JMeterThread: Thread finished: Stress - Account registration 1-267
2026-08-18 09:44:32,305 INFO o.a.j.t.JMeterThread: Stopping because end time detected by thread: Stress - Account registration 1-42
2026-08-18 09:44:32,305 INFO o.a.j.t.JMeterThread: Thread finished: Stress - Account registration 1-42
2026-08-18 09:44:32,305 INFO o.a.j.t.JMeterThread: Stopping because end time detected by thread: Stress - Account registration 1-254
2026-08-18 09:44:32,305 INFO o.a.j.t.JMeterThread: Thread finished: Stress - Account registration 1-254
2026-08-18 09:44:32,305 INFO o.a.j.t.JMeterThread: Stopping because end time detected by thread: Stress - Account registration 1-107
2026-08-18 09:44:32,305 INFO o.a.j.t.JMeterThread: Thread finished: Stress - Account registration 1-107
2026-08-18 09:44:32,305 INFO o.a.j.t.JMeterThread: Stopping because end time detected by thread: Stress - Account registration 1-163
2026-08-18 09:44:32,305 INFO o.a.j.t.JMeterThread: Stopping because end time detected by thread: Stress - Account registration 1-248
2026-08-18 09:44:32,306 INFO o.a.j.t.JMeterThread: Thread finished: Stress - Account registration 1-163
2026-08-18 09:44:32,306 INFO o.a.j.t.JMeterThread: Stopping because end time detected by thread: Stress - Account registration 1-27
2026-08-18 09:44:32,306 INFO o.a.j.t.JMeterThread: Thread finished: Stress - Account registration 1-248
2026-08-18 09:44:32,306 INFO o.a.j.t.JMeterThread: Thread finished: Stress - Account registration 1-27
2026-08-18 09:44:32,306 INFO o.a.j.t.JMeterThread: Stopping because end time detected by thread: Stress - Account registration 1-78
2026-08-18 09:44:32,306 INFO o.a.j.t.JMeterThread: Thread finished: Stress - Account registration 1-78
2026-08-18 09:44:32,306 INFO o.a.j.t.JMeterThread: Stopping because end time detected by thread: Stress - Account registration 1-84
2026-08-18 09:44:32,306 INFO o.a.j.t.JMeterThread: Thread finished: Stress - Account registration 1-84
2026-08-18 09:44:32,306 INFO o.a.j.t.JMeterThread: Stopping because end time detected by thread: Stress - Account registration 1-321
2026-08-18 09:44:32,307 INFO o.a.j.t.JMeterThread: Stopping because end time detected by thread: Stress - Account registration 1-184
2026-08-18 09:44:32,307 INFO o.a.j.t.JMeterThread: Thread finished: Stress - Account registration 1-321
2026-08-18 09:44:32,307 INFO o.a.j.t.JMeterThread: Thread finished: Stress - Account registration 1-184
2026-08-18 09:44:32,307 INFO o.a.j.t.JMeterThread: Stopping because end time detected by thread: Stress - Account registration 1-240
2026-08-18 09:44:32,307 INFO o.a.j.t.JMeterThread: Thread finished: Stress - Account registration 1-240
2026-08-18 09:44:32,307 INFO o.a.j.t.JMeterThread: Stopping because end time detected by thread: Stress - Account registration 1-117
2026-08-18 09:44:32,307 INFO o.a.j.t.JMeterThread: Thread finished: Stress - Account registration 1-117
2026-08-18 09:44:32,307 INFO o.a.j.t.JMeterThread: Stopping because end time detected by thread: Stress - Account registration 1-141
2026-08-18 09:44:32,307 INFO o.a.j.t.JMeterThread: Thread finished: Stress - Account registration 1-141
2026-08-18 09:44:32,308 INFO o.a.j.t.JMeterThread: Stopping because end time detected by thread: Stress - Account registration 1-339
2026-08-18 09:44:32,308 INFO o.a.j.t.JMeterThread: Stopping because end time detected by thread: Stress - Account registration 1-352
2026-08-18 09:44:32,308 INFO o.a.j.t.JMeterThread: Thread finished: Stress - Account registration 1-339
2026-08-18 09:44:32,308 INFO o.a.j.t.JMeterThread: Thread finished: Stress - Account registration 1-352
2026-08-18 09:44:32,308 INFO o.a.j.t.JMeterThread: Stopping because end time detected by thread: Stress - Account registration 1-120
2026-08-18 09:44:32,308 INFO o.a.j.t.JMeterThread: Thread finished: Stress - Account registration 1-120
2026-08-18 09:44:32,308 INFO o.a.j.t.JMeterThread: Stopping because end time detected by thread: Stress - Account registration 1-389
2026-08-18 09:44:32,308 INFO o.a.j.t.JMeterThread: Thread finished: Stress - Account registration 1-389
2026-08-18 09:44:32,309 INFO o.a.j.t.JMeterThread: Stopping because end time detected by thread: Stress - Account registration 1-121
2026-08-18 09:44:32,309 INFO o.a.j.t.JMeterThread: Thread finished: Stress - Account registration 1-121
2026-08-18 09:44:32,309 INFO o.a.j.t.JMeterThread: Stopping because end time detected by thread: Stress - Account registration 1-213
2026-08-18 09:44:32,309 INFO o.a.j.t.JMeterThread: Stopping because end time detected by thread: Stress - Account registration 1-310
2026-08-18 09:44:32,309 INFO o.a.j.t.JMeterThread: Thread finished: Stress - Account registration 1-213
2026-08-18 09:44:32,309 INFO o.a.j.t.JMeterThread: Thread finished: Stress - Account registration 1-310
2026-08-18 09:44:32,309 INFO o.a.j.t.JMeterThread: Stopping because end time detected by thread: Stress - Account registration 1-244
2026-08-18 09:44:32,309 INFO o.a.j.t.JMeterThread: Thread finished: Stress - Account registration 1-244
2026-08-18 09:44:32,309 INFO o.a.j.t.JMeterThread: Stopping because end time detected by thread: Stress - Account registration 1-379
2026-08-18 09:44:32,310 INFO o.a.j.t.JMeterThread: Thread finished: Stress - Account registration 1-379
2026-08-18 09:44:32,310 INFO o.a.j.t.JMeterThread: Stopping because end time detected by thread: Stress - Account registration 1-142
2026-08-18 09:44:32,310 INFO o.a.j.t.JMeterThread: Thread finished: Stress - Account registration 1-142
2026-08-18 09:44:32,310 INFO o.a.j.t.JMeterThread: Stopping because end time detected by thread: Stress - Account registration 1-316
2026-08-18 09:44:32,310 INFO o.a.j.t.JMeterThread: Stopping because end time detected by thread: Stress - Account registration 1-360
2026-08-18 09:44:32,310 INFO o.a.j.t.JMeterThread: Thread finished: Stress - Account registration 1-316
2026-08-18 09:44:32,310 INFO o.a.j.t.JMeterThread: Thread finished: Stress - Account registration 1-360
2026-08-18 09:44:32,310 INFO o.a.j.t.JMeterThread: Stopping because end time detected by thread: Stress - Account registration 1-399
2026-08-18 09:44:32,311 INFO o.a.j.t.JMeterThread: Thread finished: Stress - Account registration 1-399
2026-08-18 09:44:32,311 INFO o.a.j.t.JMeterThread: Stopping because end time detected by thread: Stress - Account registration 1-86
2026-08-18 09:44:32,311 INFO o.a.j.t.JMeterThread: Thread finished: Stress - Account registration 1-86
2026-08-18 09:44:32,311 INFO o.a.j.t.JMeterThread: Stopping because end time detected by thread: Stress - Account registration 1-103
2026-08-18 09:44:32,311 INFO o.a.j.t.JMeterThread: Thread finished: Stress - Account registration 1-103
2026-08-18 09:44:32,311 INFO o.a.j.t.JMeterThread: Stopping because end time detected by thread: Stress - Account registration 1-345
2026-08-18 09:44:32,311 INFO o.a.j.t.JMeterThread: Stopping because end time detected by thread: Stress - Account registration 1-287
2026-08-18 09:44:32,311 INFO o.a.j.t.JMeterThread: Stopping because end time detected by thread: Stress - Account registration 1-83
2026-08-18 09:44:32,311 INFO o.a.j.t.JMeterThread: Thread finished: Stress - Account registration 1-287
2026-08-18 09:44:32,311 INFO o.a.j.t.JMeterThread: Thread finished: Stress - Account registration 1-83
2026-08-18 09:44:32,311 INFO o.a.j.t.JMeterThread: Thread finished: Stress - Account registration 1-345
2026-08-18 09:44:32,311 INFO o.a.j.t.JMeterThread: Stopping because end time detected by thread: Stress - Account registration 1-288
2026-08-18 09:44:32,311 INFO o.a.j.t.JMeterThread: Thread finished: Stress - Account registration 1-288
2026-08-18 09:44:32,312 INFO o.a.j.t.JMeterThread: Stopping because end time detected by thread: Stress - Account registration 1-208
2026-08-18 09:44:32,312 INFO o.a.j.t.JMeterThread: Thread finished: Stress - Account registration 1-208
2026-08-18 09:44:32,312 INFO o.a.j.t.JMeterThread: Stopping because end time detected by thread: Stress - Account registration 1-105
2026-08-18 09:44:32,312 INFO o.a.j.t.JMeterThread: Stopping because end time detected by thread: Stress - Account registration 1-145
2026-08-18 09:44:32,312 INFO o.a.j.t.JMeterThread: Thread finished: Stress - Account registration 1-105
2026-08-18 09:44:32,312 INFO o.a.j.t.JMeterThread: Thread finished: Stress - Account registration 1-145
2026-08-18 09:44:32,312 INFO o.a.j.t.JMeterThread: Stopping because end time detected by thread: Stress - Account registration 1-364
2026-08-18 09:44:32,312 INFO o.a.j.t.JMeterThread: Thread finished: Stress - Account registration 1-364
2026-08-18 09:44:32,313 INFO o.a.j.t.JMeterThread: Stopping because end time detected by thread: Stress - Account registration 1-334
2026-08-18 09:44:32,313 INFO o.a.j.t.JMeterThread: Thread finished: Stress - Account registration 1-334
2026-08-18 09:44:32,313 INFO o.a.j.t.JMeterThread: Stopping because end time detected by thread: Stress - Account registration 1-266
2026-08-18 09:44:32,313 INFO o.a.j.t.JMeterThread: Thread finished: Stress - Account registration 1-266
2026-08-18 09:44:32,313 INFO o.a.j.t.JMeterThread: Stopping because end time detected by thread: Stress - Account registration 1-400
2026-08-18 09:44:32,313 INFO o.a.j.t.JMeterThread: Stopping because end time detected by thread: Stress - Account registration 1-232
2026-08-18 09:44:32,313 INFO o.a.j.t.JMeterThread: Thread finished: Stress - Account registration 1-400
2026-08-18 09:44:32,313 INFO o.a.j.t.JMeterThread: Thread finished: Stress - Account registration 1-232
2026-08-18 09:44:32,313 INFO o.a.j.t.JMeterThread: Stopping because end time detected by thread: Stress - Account registration 1-313
2026-08-18 09:44:32,313 INFO o.a.j.t.JMeterThread: Thread finished: Stress - Account registration 1-313
2026-08-18 09:44:32,314 INFO o.a.j.t.JMeterThread: Stopping because end time detected by thread: Stress - Account registration 1-216
2026-08-18 09:44:32,314 INFO o.a.j.t.JMeterThread: Thread finished: Stress - Account registration 1-216
2026-08-18 09:44:32,314 INFO o.a.j.t.JMeterThread: Stopping because end time detected by thread: Stress - Account registration 1-106
2026-08-18 09:44:32,314 INFO o.a.j.t.JMeterThread: Thread finished: Stress - Account registration 1-106
2026-08-18 09:44:32,314 INFO o.a.j.t.JMeterThread: Stopping because end time detected by thread: Stress - Account registration 1-278
2026-08-18 09:44:32,314 INFO o.a.j.t.JMeterThread: Stopping because end time detected by thread: Stress - Account registration 1-126
2026-08-18 09:44:32,314 INFO o.a.j.t.JMeterThread: Thread finished: Stress - Account registration 1-278
2026-08-18 09:44:32,314 INFO o.a.j.t.JMeterThread: Thread finished: Stress - Account registration 1-126
2026-08-18 09:44:32,314 INFO o.a.j.t.JMeterThread: Stopping because end time detected by thread: Stress - Account registration 1-298
2026-08-18 09:44:32,314 INFO o.a.j.t.JMeterThread: Thread finished: Stress - Account registration 1-298
2026-08-18 09:44:32,315 INFO o.a.j.t.JMeterThread: Stopping because end time detected by thread: Stress - Account registration 1-200
2026-08-18 09:44:32,315 INFO o.a.j.t.JMeterThread: Thread finished: Stress - Account registration 1-200
2026-08-18 09:44:32,315 INFO o.a.j.t.JMeterThread: Stopping because end time detected by thread: Stress - Account registration 1-391
2026-08-18 09:44:32,315 INFO o.a.j.t.JMeterThread: Thread finished: Stress - Account registration 1-391
2026-08-18 09:44:32,315 INFO o.a.j.t.JMeterThread: Stopping because end time detected by thread: Stress - Account registration 1-204
2026-08-18 09:44:32,315 INFO o.a.j.t.JMeterThread: Stopping because end time detected by thread: Stress - Account registration 1-329
2026-08-18 09:44:32,315 INFO o.a.j.t.JMeterThread: Thread finished: Stress - Account registration 1-204
2026-08-18 09:44:32,315 INFO o.a.j.t.JMeterThread: Thread finished: Stress - Account registration 1-329
2026-08-18 09:44:32,315 INFO o.a.j.t.JMeterThread: Stopping because end time detected by thread: Stress - Account registration 1-214
2026-08-18 09:44:32,315 INFO o.a.j.t.JMeterThread: Thread finished: Stress - Account registration 1-214
2026-08-18 09:44:32,316 INFO o.a.j.t.JMeterThread: Stopping because end time detected by thread: Stress - Account registration 1-166
2026-08-18 09:44:32,316 INFO o.a.j.t.JMeterThread: Thread finished: Stress - Account registration 1-166
2026-08-18 09:44:32,316 INFO o.a.j.t.JMeterThread: Stopping because end time detected by thread: Stress - Account registration 1-137
2026-08-18 09:44:32,316 INFO o.a.j.t.JMeterThread: Thread finished: Stress - Account registration 1-137
2026-08-18 09:44:32,316 INFO o.a.j.t.JMeterThread: Stopping because end time detected by thread: Stress - Account registration 1-99
2026-08-18 09:44:32,316 INFO o.a.j.t.JMeterThread: Stopping because end time detected by thread: Stress - Account registration 1-110
2026-08-18 09:44:32,316 INFO o.a.j.t.JMeterThread: Thread finished: Stress - Account registration 1-99
2026-08-18 09:44:32,316 INFO o.a.j.t.JMeterThread: Thread finished: Stress - Account registration 1-110
2026-08-18 09:44:32,316 INFO o.a.j.t.JMeterThread: Stopping because end time detected by thread: Stress - Account registration 1-192
2026-08-18 09:44:32,316 INFO o.a.j.t.JMeterThread: Thread finished: Stress - Account registration 1-192
2026-08-18 09:44:32,316 INFO o.a.j.t.JMeterThread: Stopping because end time detected by thread: Stress - Account registration 1-81
2026-08-18 09:44:32,317 INFO o.a.j.t.JMeterThread: Thread finished: Stress - Account registration 1-81
2026-08-18 09:44:32,317 INFO o.a.j.t.JMeterThread: Stopping because end time detected by thread: Stress - Account registration 1-144
2026-08-18 09:44:32,317 INFO o.a.j.t.JMeterThread: Thread finished: Stress - Account registration 1-144
2026-08-18 09:44:32,317 INFO o.a.j.t.JMeterThread: Stopping because end time detected by thread: Stress - Account registration 1-48
2026-08-18 09:44:32,317 INFO o.a.j.t.JMeterThread: Thread finished: Stress - Account registration 1-48
2026-08-18 09:44:32,317 INFO o.a.j.t.JMeterThread: Stopping because end time detected by thread: Stress - Account registration 1-109
2026-08-18 09:44:32,317 INFO o.a.j.t.JMeterThread: Thread finished: Stress - Account registration 1-109
2026-08-18 09:44:32,317 INFO o.a.j.t.JMeterThread: Stopping because end time detected by thread: Stress - Account registration 1-199
2026-08-18 09:44:32,317 INFO o.a.j.t.JMeterThread: Thread finished: Stress - Account registration 1-199
2026-08-18 09:44:32,318 INFO o.a.j.t.JMeterThread: Stopping because end time detected by thread: Stress - Account registration 1-90
2026-08-18 09:44:32,318 INFO o.a.j.t.JMeterThread: Thread finished: Stress - Account registration 1-90
2026-08-18 09:44:32,318 INFO o.a.j.t.JMeterThread: Stopping because end time detected by thread: Stress - Account registration 1-261
2026-08-18 09:44:32,318 INFO o.a.j.t.JMeterThread: Thread finished: Stress - Account registration 1-261
2026-08-18 09:44:32,318 INFO o.a.j.t.JMeterThread: Stopping because end time detected by thread: Stress - Account registration 1-349
2026-08-18 09:44:32,319 INFO o.a.j.t.JMeterThread: Stopping because end time detected by thread: Stress - Account registration 1-17
2026-08-18 09:44:32,319 INFO o.a.j.t.JMeterThread: Thread finished: Stress - Account registration 1-349
2026-08-18 09:44:32,319 INFO o.a.j.t.JMeterThread: Stopping because end time detected by thread: Stress - Account registration 1-148
2026-08-18 09:44:32,319 INFO o.a.j.t.JMeterThread: Thread finished: Stress - Account registration 1-17
2026-08-18 09:44:32,319 INFO o.a.j.t.JMeterThread: Thread finished: Stress - Account registration 1-148
2026-08-18 09:44:32,319 INFO o.a.j.t.JMeterThread: Stopping because end time detected by thread: Stress - Account registration 1-270
2026-08-18 09:44:32,319 INFO o.a.j.t.JMeterThread: Thread finished: Stress - Account registration 1-270
2026-08-18 09:44:32,319 INFO o.a.j.t.JMeterThread: Stopping because end time detected by thread: Stress - Account registration 1-91
2026-08-18 09:44:32,319 INFO o.a.j.t.JMeterThread: Thread finished: Stress - Account registration 1-91
2026-08-18 09:44:32,319 INFO o.a.j.t.JMeterThread: Stopping because end time detected by thread: Stress - Account registration 1-21
2026-08-18 09:44:32,320 INFO o.a.j.t.JMeterThread: Stopping because end time detected by thread: Stress - Account registration 1-291
2026-08-18 09:44:32,320 INFO o.a.j.t.JMeterThread: Stopping because end time detected by thread: Stress - Account registration 1-112
2026-08-18 09:44:32,320 INFO o.a.j.t.JMeterThread: Thread finished: Stress - Account registration 1-21
2026-08-18 09:44:32,320 INFO o.a.j.t.JMeterThread: Thread finished: Stress - Account registration 1-291
2026-08-18 09:44:32,320 INFO o.a.j.t.JMeterThread: Thread finished: Stress - Account registration 1-112
2026-08-18 09:44:32,320 INFO o.a.j.t.JMeterThread: Stopping because end time detected by thread: Stress - Account registration 1-315
2026-08-18 09:44:32,320 INFO o.a.j.t.JMeterThread: Thread finished: Stress - Account registration 1-315
2026-08-18 09:44:32,320 INFO o.a.j.t.JMeterThread: Stopping because end time detected by thread: Stress - Account registration 1-127
2026-08-18 09:44:32,320 INFO o.a.j.t.JMeterThread: Thread finished: Stress - Account registration 1-127
2026-08-18 09:44:32,320 INFO o.a.j.t.JMeterThread: Stopping because end time detected by thread: Stress - Account registration 1-115
2026-08-18 09:44:32,320 INFO o.a.j.t.JMeterThread: Stopping because end time detected by thread: Stress - Account registration 1-194
2026-08-18 09:44:32,321 INFO o.a.j.t.JMeterThread: Stopping because end time detected by thread: Stress - Account registration 1-54
2026-08-18 09:44:32,321 INFO o.a.j.t.JMeterThread: Thread finished: Stress - Account registration 1-115
2026-08-18 09:44:32,321 INFO o.a.j.t.JMeterThread: Thread finished: Stress - Account registration 1-194
2026-08-18 09:44:32,321 INFO o.a.j.t.JMeterThread: Thread finished: Stress - Account registration 1-54
2026-08-18 09:44:32,321 INFO o.a.j.t.JMeterThread: Stopping because end time detected by thread: Stress - Account registration 1-143
2026-08-18 09:44:32,321 INFO o.a.j.t.JMeterThread: Thread finished: Stress - Account registration 1-143
2026-08-18 09:44:32,321 INFO o.a.j.t.JMeterThread: Stopping because end time detected by thread: Stress - Account registration 1-236
2026-08-18 09:44:32,321 INFO o.a.j.t.JMeterThread: Thread finished: Stress - Account registration 1-236
2026-08-18 09:44:32,321 INFO o.a.j.t.JMeterThread: Stopping because end time detected by thread: Stress - Account registration 1-131
2026-08-18 09:44:32,321 INFO o.a.j.t.JMeterThread: Stopping because end time detected by thread: Stress - Account registration 1-101
2026-08-18 09:44:32,321 INFO o.a.j.t.JMeterThread: Thread finished: Stress - Account registration 1-131
2026-08-18 09:44:32,321 INFO o.a.j.t.JMeterThread: Thread finished: Stress - Account registration 1-101
2026-08-18 09:44:32,322 INFO o.a.j.t.JMeterThread: Stopping because end time detected by thread: Stress - Account registration 1-196
2026-08-18 09:44:32,322 INFO o.a.j.t.JMeterThread: Thread finished: Stress - Account registration 1-196
2026-08-18 09:44:32,322 INFO o.a.j.t.JMeterThread: Stopping because end time detected by thread: Stress - Account registration 1-169
2026-08-18 09:44:32,322 INFO o.a.j.t.JMeterThread: Thread finished: Stress - Account registration 1-169
2026-08-18 09:44:32,322 INFO o.a.j.t.JMeterThread: Stopping because end time detected by thread: Stress - Account registration 1-104
2026-08-18 09:44:32,322 INFO o.a.j.t.JMeterThread: Thread finished: Stress - Account registration 1-104
2026-08-18 09:44:32,322 INFO o.a.j.t.JMeterThread: Stopping because end time detected by thread: Stress - Account registration 1-79
2026-08-18 09:44:32,322 INFO o.a.j.t.JMeterThread: Stopping because end time detected by thread: Stress - Account registration 1-22
2026-08-18 09:44:32,322 INFO o.a.j.t.JMeterThread: Thread finished: Stress - Account registration 1-79
2026-08-18 09:44:32,322 INFO o.a.j.t.JMeterThread: Thread finished: Stress - Account registration 1-22
2026-08-18 09:44:32,322 INFO o.a.j.t.JMeterThread: Stopping because end time detected by thread: Stress - Account registration 1-153
2026-08-18 09:44:32,322 INFO o.a.j.t.JMeterThread: Thread finished: Stress - Account registration 1-153
2026-08-18 09:44:32,322 INFO o.a.j.t.JMeterThread: Stopping because end time detected by thread: Stress - Account registration 1-188
2026-08-18 09:44:32,322 INFO o.a.j.t.JMeterThread: Thread finished: Stress - Account registration 1-188
2026-08-18 09:44:32,322 INFO o.a.j.t.JMeterThread: Stopping because end time detected by thread: Stress - Account registration 1-180
2026-08-18 09:44:32,322 INFO o.a.j.t.JMeterThread: Thread finished: Stress - Account registration 1-180
2026-08-18 09:44:32,322 INFO o.a.j.t.JMeterThread: Stopping because end time detected by thread: Stress - Account registration 1-85
2026-08-18 09:44:32,324 INFO o.a.j.t.JMeterThread: Stopping because end time detected by thread: Stress - Account registration 1-336
2026-08-18 09:44:32,324 INFO o.a.j.t.JMeterThread: Thread finished: Stress - Account registration 1-85
2026-08-18 09:44:32,324 INFO o.a.j.t.JMeterThread: Thread finished: Stress - Account registration 1-336
2026-08-18 09:44:32,324 INFO o.a.j.t.JMeterThread: Stopping because end time detected by thread: Stress - Account registration 1-13
2026-08-18 09:44:32,324 INFO o.a.j.t.JMeterThread: Thread finished: Stress - Account registration 1-13
2026-08-18 09:44:32,324 INFO o.a.j.t.JMeterThread: Stopping because end time detected by thread: Stress - Account registration 1-376
2026-08-18 09:44:32,324 INFO o.a.j.t.JMeterThread: Stopping because end time detected by thread: Stress - Account registration 1-284
2026-08-18 09:44:32,324 INFO o.a.j.t.JMeterThread: Thread finished: Stress - Account registration 1-376
2026-08-18 09:44:32,324 INFO o.a.j.t.JMeterThread: Thread finished: Stress - Account registration 1-284
2026-08-18 09:44:32,324 INFO o.a.j.t.JMeterThread: Stopping because end time detected by thread: Stress - Account registration 1-243
2026-08-18 09:44:32,324 INFO o.a.j.t.JMeterThread: Stopping because end time detected by thread: Stress - Account registration 1-224
2026-08-18 09:44:32,325 INFO o.a.j.t.JMeterThread: Stopping because end time detected by thread: Stress - Account registration 1-382
2026-08-18 09:44:32,325 INFO o.a.j.t.JMeterThread: Thread finished: Stress - Account registration 1-243
2026-08-18 09:44:32,325 INFO o.a.j.t.JMeterThread: Thread finished: Stress - Account registration 1-224
2026-08-18 09:44:32,325 INFO o.a.j.t.JMeterThread: Thread finished: Stress - Account registration 1-382
2026-08-18 09:44:32,325 INFO o.a.j.t.JMeterThread: Stopping because end time detected by thread: Stress - Account registration 1-158
2026-08-18 09:44:32,325 INFO o.a.j.t.JMeterThread: Thread finished: Stress - Account registration 1-158
2026-08-18 09:44:32,325 INFO o.a.j.t.JMeterThread: Stopping because end time detected by thread: Stress - Account registration 1-195
2026-08-18 09:44:32,325 INFO o.a.j.t.JMeterThread: Thread finished: Stress - Account registration 1-195
2026-08-18 09:44:32,325 INFO o.a.j.t.JMeterThread: Stopping because end time detected by thread: Stress - Account registration 1-175
2026-08-18 09:44:32,325 INFO o.a.j.t.JMeterThread: Stopping because end time detected by thread: Stress - Account registration 1-59
2026-08-18 09:44:32,326 INFO o.a.j.t.JMeterThread: Thread finished: Stress - Account registration 1-175
2026-08-18 09:44:32,326 INFO o.a.j.t.JMeterThread: Thread finished: Stress - Account registration 1-59
2026-08-18 09:44:32,326 INFO o.a.j.t.JMeterThread: Stopping because end time detected by thread: Stress - Account registration 1-259
2026-08-18 09:44:32,326 INFO o.a.j.t.JMeterThread: Thread finished: Stress - Account registration 1-259
2026-08-18 09:44:32,326 INFO o.a.j.t.JMeterThread: Stopping because end time detected by thread: Stress - Account registration 1-222
2026-08-18 09:44:32,326 INFO o.a.j.t.JMeterThread: Thread finished: Stress - Account registration 1-222
2026-08-18 09:44:32,326 INFO o.a.j.t.JMeterThread: Stopping because end time detected by thread: Stress - Account registration 1-294
2026-08-18 09:44:32,326 INFO o.a.j.t.JMeterThread: Thread finished: Stress - Account registration 1-294
2026-08-18 09:44:32,326 INFO o.a.j.t.JMeterThread: Stopping because end time detected by thread: Stress - Account registration 1-136
2026-08-18 09:44:32,326 INFO o.a.j.t.JMeterThread: Stopping because end time detected by thread: Stress - Account registration 1-102
2026-08-18 09:44:32,327 INFO o.a.j.t.JMeterThread: Thread finished: Stress - Account registration 1-136
2026-08-18 09:44:32,327 INFO o.a.j.t.JMeterThread: Thread finished: Stress - Account registration 1-102
2026-08-18 09:44:32,327 INFO o.a.j.t.JMeterThread: Stopping because end time detected by thread: Stress - Account registration 1-354
2026-08-18 09:44:32,327 INFO o.a.j.t.JMeterThread: Thread finished: Stress - Account registration 1-354
2026-08-18 09:44:32,327 INFO o.a.j.t.JMeterThread: Stopping because end time detected by thread: Stress - Account registration 1-72
2026-08-18 09:44:32,327 INFO o.a.j.t.JMeterThread: Thread finished: Stress - Account registration 1-72
2026-08-18 09:44:32,327 INFO o.a.j.t.JMeterThread: Stopping because end time detected by thread: Stress - Account registration 1-326
2026-08-18 09:44:32,327 INFO o.a.j.t.JMeterThread: Thread finished: Stress - Account registration 1-326
2026-08-18 09:44:32,327 INFO o.a.j.t.JMeterThread: Stopping because end time detected by thread: Stress - Account registration 1-119
2026-08-18 09:44:32,327 INFO o.a.j.t.JMeterThread: Stopping because end time detected by thread: Stress - Account registration 1-394
2026-08-18 09:44:32,327 INFO o.a.j.t.JMeterThread: Thread finished: Stress - Account registration 1-119
2026-08-18 09:44:32,327 INFO o.a.j.t.JMeterThread: Thread finished: Stress - Account registration 1-394
2026-08-18 09:44:32,327 INFO o.a.j.t.JMeterThread: Stopping because end time detected by thread: Stress - Account registration 1-393
2026-08-18 09:44:32,327 INFO o.a.j.t.JMeterThread: Thread finished: Stress - Account registration 1-393
2026-08-18 09:44:32,328 INFO o.a.j.t.JMeterThread: Stopping because end time detected by thread: Stress - Account registration 1-257
2026-08-18 09:44:32,328 INFO o.a.j.t.JMeterThread: Thread finished: Stress - Account registration 1-257
2026-08-18 09:44:32,328 INFO o.a.j.t.JMeterThread: Stopping because end time detected by thread: Stress - Account registration 1-40
2026-08-18 09:44:32,328 INFO o.a.j.t.JMeterThread: Thread finished: Stress - Account registration 1-40
2026-08-18 09:44:32,328 INFO o.a.j.t.JMeterThread: Stopping because end time detected by thread: Stress - Account registration 1-225
2026-08-18 09:44:32,328 INFO o.a.j.t.JMeterThread: Stopping because end time detected by thread: Stress - Account registration 1-25
2026-08-18 09:44:32,328 INFO o.a.j.t.JMeterThread: Thread finished: Stress - Account registration 1-225
2026-08-18 09:44:32,328 INFO o.a.j.t.JMeterThread: Thread finished: Stress - Account registration 1-25
2026-08-18 09:44:32,328 INFO o.a.j.t.JMeterThread: Stopping because end time detected by thread: Stress - Account registration 1-355
2026-08-18 09:44:32,328 INFO o.a.j.t.JMeterThread: Thread finished: Stress - Account registration 1-355
2026-08-18 09:44:32,328 INFO o.a.j.t.JMeterThread: Stopping because end time detected by thread: Stress - Account registration 1-150
2026-08-18 09:44:32,328 INFO o.a.j.t.JMeterThread: Thread finished: Stress - Account registration 1-150
2026-08-18 09:44:32,329 INFO o.a.j.t.JMeterThread: Stopping because end time detected by thread: Stress - Account registration 1-282
2026-08-18 09:44:32,329 INFO o.a.j.t.JMeterThread: Thread finished: Stress - Account registration 1-282
2026-08-18 09:44:32,329 INFO o.a.j.t.JMeterThread: Stopping because end time detected by thread: Stress - Account registration 1-235
2026-08-18 09:44:32,329 INFO o.a.j.t.JMeterThread: Stopping because end time detected by thread: Stress - Account registration 1-347
2026-08-18 09:44:32,329 INFO o.a.j.t.JMeterThread: Thread finished: Stress - Account registration 1-235
2026-08-18 09:44:32,329 INFO o.a.j.t.JMeterThread: Thread finished: Stress - Account registration 1-347
2026-08-18 09:44:32,329 INFO o.a.j.t.JMeterThread: Stopping because end time detected by thread: Stress - Account registration 1-318
2026-08-18 09:44:32,329 INFO o.a.j.t.JMeterThread: Thread finished: Stress - Account registration 1-318
2026-08-18 09:44:32,329 INFO o.a.j.t.JMeterThread: Stopping because end time detected by thread: Stress - Account registration 1-212
2026-08-18 09:44:32,329 INFO o.a.j.t.JMeterThread: Thread finished: Stress - Account registration 1-212
2026-08-18 09:44:32,329 INFO o.a.j.t.JMeterThread: Stopping because end time detected by thread: Stress - Account registration 1-19
2026-08-18 09:44:32,329 INFO o.a.j.t.JMeterThread: Thread finished: Stress - Account registration 1-19
2026-08-18 09:44:32,330 INFO o.a.j.t.JMeterThread: Stopping because end time detected by thread: Stress - Account registration 1-45
2026-08-18 09:44:32,330 INFO o.a.j.t.JMeterThread: Thread finished: Stress - Account registration 1-45
2026-08-18 09:44:32,330 INFO o.a.j.t.JMeterThread: Stopping because end time detected by thread: Stress - Account registration 1-323
2026-08-18 09:44:32,330 INFO o.a.j.t.JMeterThread: Thread finished: Stress - Account registration 1-323
2026-08-18 09:44:32,330 INFO o.a.j.t.JMeterThread: Stopping because end time detected by thread: Stress - Account registration 1-51
2026-08-18 09:44:32,330 INFO o.a.j.t.JMeterThread: Thread finished: Stress - Account registration 1-51
2026-08-18 09:44:32,330 INFO o.a.j.t.JMeterThread: Stopping because end time detected by thread: Stress - Account registration 1-300
2026-08-18 09:44:32,330 INFO o.a.j.t.JMeterThread: Thread finished: Stress - Account registration 1-300
2026-08-18 09:44:32,330 INFO o.a.j.t.JMeterThread: Stopping because end time detected by thread: Stress - Account registration 1-69
2026-08-18 09:44:32,330 INFO o.a.j.t.JMeterThread: Thread finished: Stress - Account registration 1-69
2026-08-18 09:44:32,331 INFO o.a.j.t.JMeterThread: Stopping because end time detected by thread: Stress - Account registration 1-229
2026-08-18 09:44:32,331 INFO o.a.j.t.JMeterThread: Stopping because end time detected by thread: Stress - Account registration 1-4
2026-08-18 09:44:32,331 INFO o.a.j.t.JMeterThread: Thread finished: Stress - Account registration 1-229
2026-08-18 09:44:32,331 INFO o.a.j.t.JMeterThread: Thread finished: Stress - Account registration 1-4
2026-08-18 09:44:32,331 INFO o.a.j.t.JMeterThread: Stopping because end time detected by thread: Stress - Account registration 1-369
2026-08-18 09:44:32,331 INFO o.a.j.t.JMeterThread: Thread finished: Stress - Account registration 1-369
2026-08-18 09:44:32,331 INFO o.a.j.t.JMeterThread: Stopping because end time detected by thread: Stress - Account registration 1-388
2026-08-18 09:44:32,331 INFO o.a.j.t.JMeterThread: Thread finished: Stress - Account registration 1-388
2026-08-18 09:44:32,332 INFO o.a.j.t.JMeterThread: Stopping because end time detected by thread: Stress - Account registration 1-285
2026-08-18 09:44:32,332 INFO o.a.j.t.JMeterThread: Thread finished: Stress - Account registration 1-285
2026-08-18 09:44:32,332 INFO o.a.j.t.JMeterThread: Stopping because end time detected by thread: Stress - Account registration 1-275
2026-08-18 09:44:32,332 INFO o.a.j.t.JMeterThread: Thread finished: Stress - Account registration 1-275
2026-08-18 09:44:32,332 INFO o.a.j.t.JMeterThread: Stopping because end time detected by thread: Stress - Account registration 1-215
2026-08-18 09:44:32,332 INFO o.a.j.t.JMeterThread: Thread finished: Stress - Account registration 1-215
2026-08-18 09:44:32,332 INFO o.a.j.t.JMeterThread: Stopping because end time detected by thread: Stress - Account registration 1-9
2026-08-18 09:44:32,332 INFO o.a.j.t.JMeterThread: Thread finished: Stress - Account registration 1-9
2026-08-18 09:44:32,332 INFO o.a.j.t.JMeterThread: Stopping because end time detected by thread: Stress - Account registration 1-368
2026-08-18 09:44:32,332 INFO o.a.j.t.JMeterThread: Thread finished: Stress - Account registration 1-368
2026-08-18 09:44:32,333 INFO o.a.j.t.JMeterThread: Stopping because end time detected by thread: Stress - Account registration 1-95
2026-08-18 09:44:32,333 INFO o.a.j.t.JMeterThread: Thread finished: Stress - Account registration 1-95
2026-08-18 09:44:32,333 INFO o.a.j.t.JMeterThread: Stopping because end time detected by thread: Stress - Account registration 1-28
2026-08-18 09:44:32,333 INFO o.a.j.t.JMeterThread: Thread finished: Stress - Account registration 1-28
2026-08-18 09:44:32,333 INFO o.a.j.t.JMeterThread: Stopping because end time detected by thread: Stress - Account registration 1-82
2026-08-18 09:44:32,333 INFO o.a.j.t.JMeterThread: Thread finished: Stress - Account registration 1-82
2026-08-18 09:44:32,351 INFO o.a.j.t.JMeterThread: Stopping because end time detected by thread: Stress - Account registration 1-53
2026-08-18 09:44:32,351 INFO o.a.j.t.JMeterThread: Thread finished: Stress - Account registration 1-53
2026-08-18 09:44:32,360 INFO o.a.j.t.JMeterThread: Stopping because end time detected by thread: Stress - Account registration 1-125
2026-08-18 09:44:32,360 INFO o.a.j.t.JMeterThread: Thread finished: Stress - Account registration 1-125
2026-08-18 09:44:32,429 INFO o.a.j.t.JMeterThread: Stopping because end time detected by thread: Stress - Account registration 1-210
2026-08-18 09:44:32,430 INFO o.a.j.t.JMeterThread: Thread finished: Stress - Account registration 1-210
2026-08-18 09:44:32,635 INFO o.a.j.t.JMeterThread: Stopping because end time detected by thread: Stress - Account registration 1-114
2026-08-18 09:44:32,635 INFO o.a.j.t.JMeterThread: Thread finished: Stress - Account registration 1-114
2026-08-18 09:44:32,701 INFO o.a.j.t.JMeterThread: Stopping because end time detected by thread: Stress - Account registration 1-367
2026-08-18 09:44:32,701 INFO o.a.j.t.JMeterThread: Thread finished: Stress - Account registration 1-367
2026-08-18 09:44:32,710 INFO o.a.j.t.JMeterThread: Stopping because end time detected by thread: Stress - Account registration 1-155
2026-08-18 09:44:32,710 INFO o.a.j.t.JMeterThread: Thread finished: Stress - Account registration 1-155
2026-08-18 09:44:32,715 INFO o.a.j.t.JMeterThread: Stopping because end time detected by thread: Stress - Account registration 1-3
2026-08-18 09:44:32,715 INFO o.a.j.t.JMeterThread: Thread finished: Stress - Account registration 1-3
2026-08-18 09:44:32,715 INFO o.a.j.t.JMeterThread: Stopping because end time detected by thread: Stress - Account registration 1-38
2026-08-18 09:44:32,715 INFO o.a.j.t.JMeterThread: Thread finished: Stress - Account registration 1-38
2026-08-18 09:44:32,715 INFO o.a.j.t.JMeterThread: Stopping because end time detected by thread: Stress - Account registration 1-295
2026-08-18 09:44:32,715 INFO o.a.j.t.JMeterThread: Stopping because end time detected by thread: Stress - Account registration 1-217
2026-08-18 09:44:32,715 INFO o.a.j.t.JMeterThread: Thread finished: Stress - Account registration 1-295
2026-08-18 09:44:32,715 INFO o.a.j.t.JMeterThread: Thread finished: Stress - Account registration 1-217
2026-08-18 09:44:32,716 INFO o.a.j.t.JMeterThread: Stopping because end time detected by thread: Stress - Account registration 1-263
2026-08-18 09:44:32,716 INFO o.a.j.t.JMeterThread: Thread finished: Stress - Account registration 1-263
2026-08-18 09:44:32,716 INFO o.a.j.t.JMeterThread: Stopping because end time detected by thread: Stress - Account registration 1-151
2026-08-18 09:44:32,716 INFO o.a.j.t.JMeterThread: Thread finished: Stress - Account registration 1-151
2026-08-18 09:44:32,716 INFO o.a.j.t.JMeterThread: Stopping because end time detected by thread: Stress - Account registration 1-289
2026-08-18 09:44:32,716 INFO o.a.j.t.JMeterThread: Thread finished: Stress - Account registration 1-289
2026-08-18 09:44:32,722 INFO o.a.j.t.JMeterThread: Stopping because end time detected by thread: Stress - Account registration 1-39
2026-08-18 09:44:32,722 INFO o.a.j.t.JMeterThread: Stopping because end time detected by thread: Stress - Account registration 1-363
2026-08-18 09:44:32,722 INFO o.a.j.t.JMeterThread: Stopping because end time detected by thread: Stress - Account registration 1-381
2026-08-18 09:44:32,722 INFO o.a.j.t.JMeterThread: Stopping because end time detected by thread: Stress - Account registration 1-308
2026-08-18 09:44:32,722 INFO o.a.j.t.JMeterThread: Stopping because end time detected by thread: Stress - Account registration 1-305
2026-08-18 09:44:32,722 INFO o.a.j.t.JMeterThread: Stopping because end time detected by thread: Stress - Account registration 1-183
2026-08-18 09:44:32,722 INFO o.a.j.t.JMeterThread: Stopping because end time detected by thread: Stress - Account registration 1-23
2026-08-18 09:44:32,722 INFO o.a.j.t.JMeterThread: Stopping because end time detected by thread: Stress - Account registration 1-303
2026-08-18 09:44:32,722 INFO o.a.j.t.JMeterThread: Stopping because end time detected by thread: Stress - Account registration 1-33
2026-08-18 09:44:32,722 INFO o.a.j.t.JMeterThread: Thread finished: Stress - Account registration 1-39
2026-08-18 09:44:32,722 INFO o.a.j.t.JMeterThread: Thread finished: Stress - Account registration 1-381
2026-08-18 09:44:32,722 INFO o.a.j.t.JMeterThread: Thread finished: Stress - Account registration 1-33
2026-08-18 09:44:32,722 INFO o.a.j.t.JMeterThread: Thread finished: Stress - Account registration 1-363
2026-08-18 09:44:32,722 INFO o.a.j.t.JMeterThread: Thread finished: Stress - Account registration 1-303
2026-08-18 09:44:32,722 INFO o.a.j.t.JMeterThread: Thread finished: Stress - Account registration 1-23
2026-08-18 09:44:32,722 INFO o.a.j.t.JMeterThread: Thread finished: Stress - Account registration 1-183
2026-08-18 09:44:32,722 INFO o.a.j.t.JMeterThread: Thread finished: Stress - Account registration 1-305
2026-08-18 09:44:32,722 INFO o.a.j.t.JMeterThread: Thread finished: Stress - Account registration 1-308
2026-08-18 09:44:32,735 INFO o.a.j.t.JMeterThread: Stopping because end time detected by thread: Stress - Account registration 1-122
2026-08-18 09:44:32,736 INFO o.a.j.t.JMeterThread: Stopping because end time detected by thread: Stress - Account registration 1-332
2026-08-18 09:44:32,736 INFO o.a.j.t.JMeterThread: Thread finished: Stress - Account registration 1-122
2026-08-18 09:44:32,736 INFO o.a.j.t.JMeterThread: Thread finished: Stress - Account registration 1-332
2026-08-18 09:44:32,736 INFO o.a.j.t.JMeterThread: Stopping because end time detected by thread: Stress - Account registration 1-92
2026-08-18 09:44:32,736 INFO o.a.j.t.JMeterThread: Stopping because end time detected by thread: Stress - Account registration 1-98
2026-08-18 09:44:32,736 INFO o.a.j.t.JMeterThread: Thread finished: Stress - Account registration 1-92
2026-08-18 09:44:32,736 INFO o.a.j.t.JMeterThread: Thread finished: Stress - Account registration 1-98
2026-08-18 09:44:32,736 INFO o.a.j.t.JMeterThread: Stopping because end time detected by thread: Stress - Account registration 1-365
2026-08-18 09:44:32,736 INFO o.a.j.t.JMeterThread: Thread finished: Stress - Account registration 1-365
2026-08-18 09:44:32,737 INFO o.a.j.t.JMeterThread: Stopping because end time detected by thread: Stress - Account registration 1-18
2026-08-18 09:44:32,737 INFO o.a.j.t.JMeterThread: Thread finished: Stress - Account registration 1-18
2026-08-18 09:44:32,737 INFO o.a.j.t.JMeterThread: Stopping because end time detected by thread: Stress - Account registration 1-279
2026-08-18 09:44:32,737 INFO o.a.j.t.JMeterThread: Stopping because end time detected by thread: Stress - Account registration 1-154
2026-08-18 09:44:32,737 INFO o.a.j.t.JMeterThread: Thread finished: Stress - Account registration 1-279
2026-08-18 09:44:32,737 INFO o.a.j.t.JMeterThread: Thread finished: Stress - Account registration 1-154
2026-08-18 09:44:32,737 INFO o.a.j.t.JMeterThread: Stopping because end time detected by thread: Stress - Account registration 1-249
2026-08-18 09:44:32,737 INFO o.a.j.t.JMeterThread: Thread finished: Stress - Account registration 1-249
2026-08-18 09:44:32,738 INFO o.a.j.t.JMeterThread: Stopping because end time detected by thread: Stress - Account registration 1-190
2026-08-18 09:44:32,738 INFO o.a.j.t.JMeterThread: Thread finished: Stress - Account registration 1-190
2026-08-18 09:44:32,738 INFO o.a.j.t.JMeterThread: Stopping because end time detected by thread: Stress - Account registration 1-186
2026-08-18 09:44:32,738 INFO o.a.j.t.JMeterThread: Thread finished: Stress - Account registration 1-186
2026-08-18 09:44:32,738 INFO o.a.j.t.JMeterThread: Stopping because end time detected by thread: Stress - Account registration 1-111
2026-08-18 09:44:32,738 INFO o.a.j.t.JMeterThread: Stopping because end time detected by thread: Stress - Account registration 1-205
2026-08-18 09:44:32,738 INFO o.a.j.t.JMeterThread: Thread finished: Stress - Account registration 1-111
2026-08-18 09:44:32,738 INFO o.a.j.t.JMeterThread: Stopping because end time detected by thread: Stress - Account registration 1-44
2026-08-18 09:44:32,738 INFO o.a.j.t.JMeterThread: Thread finished: Stress - Account registration 1-205
2026-08-18 09:44:32,738 INFO o.a.j.t.JMeterThread: Thread finished: Stress - Account registration 1-44
2026-08-18 09:44:32,739 INFO o.a.j.t.JMeterThread: Stopping because end time detected by thread: Stress - Account registration 1-116
2026-08-18 09:44:32,739 INFO o.a.j.t.JMeterThread: Thread finished: Stress - Account registration 1-116
2026-08-18 09:44:32,739 INFO o.a.j.t.JMeterThread: Stopping because end time detected by thread: Stress - Account registration 1-246
2026-08-18 09:44:32,739 INFO o.a.j.t.JMeterThread: Thread finished: Stress - Account registration 1-246
2026-08-18 09:44:32,739 INFO o.a.j.t.JMeterThread: Stopping because end time detected by thread: Stress - Account registration 1-179
2026-08-18 09:44:32,739 INFO o.a.j.t.JMeterThread: Stopping because end time detected by thread: Stress - Account registration 1-62
2026-08-18 09:44:32,739 INFO o.a.j.t.JMeterThread: Thread finished: Stress - Account registration 1-179
2026-08-18 09:44:32,739 INFO o.a.j.t.JMeterThread: Thread finished: Stress - Account registration 1-62
2026-08-18 09:44:32,739 INFO o.a.j.t.JMeterThread: Stopping because end time detected by thread: Stress - Account registration 1-312
2026-08-18 09:44:32,740 INFO o.a.j.t.JMeterThread: Thread finished: Stress - Account registration 1-312
2026-08-18 09:44:32,740 INFO o.a.j.t.JMeterThread: Stopping because end time detected by thread: Stress - Account registration 1-348
2026-08-18 09:44:32,740 INFO o.a.j.t.JMeterThread: Thread finished: Stress - Account registration 1-348
2026-08-18 09:44:32,740 INFO o.a.j.t.JMeterThread: Stopping because end time detected by thread: Stress - Account registration 1-237
2026-08-18 09:44:32,740 INFO o.a.j.t.JMeterThread: Thread finished: Stress - Account registration 1-237
2026-08-18 09:44:32,740 INFO o.a.j.t.JMeterThread: Stopping because end time detected by thread: Stress - Account registration 1-132
2026-08-18 09:44:32,740 INFO o.a.j.t.JMeterThread: Thread finished: Stress - Account registration 1-132
2026-08-18 09:44:32,740 INFO o.a.j.t.JMeterThread: Stopping because end time detected by thread: Stress - Account registration 1-67
2026-08-18 09:44:32,740 INFO o.a.j.t.JMeterThread: Thread finished: Stress - Account registration 1-67
2026-08-18 09:44:32,740 INFO o.a.j.t.JMeterThread: Stopping because end time detected by thread: Stress - Account registration 1-191
2026-08-18 09:44:32,740 INFO o.a.j.t.JMeterThread: Thread finished: Stress - Account registration 1-191
2026-08-18 09:44:32,740 INFO o.a.j.t.JMeterThread: Stopping because end time detected by thread: Stress - Account registration 1-233
2026-08-18 09:44:32,740 INFO o.a.j.t.JMeterThread: Thread finished: Stress - Account registration 1-233
2026-08-18 09:44:32,741 INFO o.a.j.t.JMeterThread: Stopping because end time detected by thread: Stress - Account registration 1-37
2026-08-18 09:44:32,741 INFO o.a.j.t.JMeterThread: Thread finished: Stress - Account registration 1-37
2026-08-18 09:44:32,741 INFO o.a.j.t.JMeterThread: Stopping because end time detected by thread: Stress - Account registration 1-358
2026-08-18 09:44:32,741 INFO o.a.j.t.JMeterThread: Stopping because end time detected by thread: Stress - Account registration 1-252
2026-08-18 09:44:32,741 INFO o.a.j.t.JMeterThread: Thread finished: Stress - Account registration 1-358
2026-08-18 09:44:32,741 INFO o.a.j.t.JMeterThread: Thread finished: Stress - Account registration 1-252
2026-08-18 09:44:32,745 INFO o.a.j.t.JMeterThread: Stopping because end time detected by thread: Stress - Account registration 1-182
2026-08-18 09:44:32,746 INFO o.a.j.t.JMeterThread: Thread finished: Stress - Account registration 1-182
2026-08-18 09:44:32,746 INFO o.a.j.t.JMeterThread: Stopping because end time detected by thread: Stress - Account registration 1-193
2026-08-18 09:44:32,746 INFO o.a.j.t.JMeterThread: Thread finished: Stress - Account registration 1-193
2026-08-18 09:44:32,746 INFO o.a.j.t.JMeterThread: Stopping because end time detected by thread: Stress - Account registration 1-203
2026-08-18 09:44:32,746 INFO o.a.j.t.JMeterThread: Thread finished: Stress - Account registration 1-203
2026-08-18 09:44:32,746 INFO o.a.j.t.JMeterThread: Stopping because end time detected by thread: Stress - Account registration 1-269
2026-08-18 09:44:32,746 INFO o.a.j.t.JMeterThread: Stopping because end time detected by thread: Stress - Account registration 1-370
2026-08-18 09:44:32,747 INFO o.a.j.t.JMeterThread: Stopping because end time detected by thread: Stress - Account registration 1-241
2026-08-18 09:44:32,747 INFO o.a.j.t.JMeterThread: Thread finished: Stress - Account registration 1-241
2026-08-18 09:44:32,747 INFO o.a.j.t.JMeterThread: Thread finished: Stress - Account registration 1-269
2026-08-18 09:44:32,747 INFO o.a.j.t.JMeterThread: Thread finished: Stress - Account registration 1-370
2026-08-18 09:44:32,747 INFO o.a.j.t.JMeterThread: Stopping because end time detected by thread: Stress - Account registration 1-113
2026-08-18 09:44:32,747 INFO o.a.j.t.JMeterThread: Thread finished: Stress - Account registration 1-113
2026-08-18 09:44:32,747 INFO o.a.j.t.JMeterThread: Stopping because end time detected by thread: Stress - Account registration 1-60
2026-08-18 09:44:32,747 INFO o.a.j.t.JMeterThread: Thread finished: Stress - Account registration 1-60
2026-08-18 09:44:32,747 INFO o.a.j.t.JMeterThread: Stopping because end time detected by thread: Stress - Account registration 1-149
2026-08-18 09:44:32,747 INFO o.a.j.t.JMeterThread: Thread finished: Stress - Account registration 1-149
2026-08-18 09:44:32,747 INFO o.a.j.t.JMeterThread: Stopping because end time detected by thread: Stress - Account registration 1-97
2026-08-18 09:44:32,747 INFO o.a.j.t.JMeterThread: Thread finished: Stress - Account registration 1-97
2026-08-18 09:44:32,748 INFO o.a.j.t.JMeterThread: Stopping because end time detected by thread: Stress - Account registration 1-173
2026-08-18 09:44:32,748 INFO o.a.j.t.JMeterThread: Thread finished: Stress - Account registration 1-173
2026-08-18 09:44:32,749 INFO o.a.j.t.JMeterThread: Stopping because end time detected by thread: Stress - Account registration 1-201
2026-08-18 09:44:32,749 INFO o.a.j.t.JMeterThread: Thread finished: Stress - Account registration 1-201
2026-08-18 09:44:32,749 INFO o.a.j.t.JMeterThread: Stopping because end time detected by thread: Stress - Account registration 1-311
2026-08-18 09:44:32,749 INFO o.a.j.t.JMeterThread: Thread finished: Stress - Account registration 1-311
2026-08-18 09:44:32,749 INFO o.a.j.t.JMeterThread: Stopping because end time detected by thread: Stress - Account registration 1-43
2026-08-18 09:44:32,750 INFO o.a.j.t.JMeterThread: Stopping because end time detected by thread: Stress - Account registration 1-49
2026-08-18 09:44:32,750 INFO o.a.j.t.JMeterThread: Thread finished: Stress - Account registration 1-43
2026-08-18 09:44:32,750 INFO o.a.j.t.JMeterThread: Thread finished: Stress - Account registration 1-49
2026-08-18 09:44:32,752 INFO o.a.j.t.JMeterThread: Stopping because end time detected by thread: Stress - Account registration 1-71
2026-08-18 09:44:32,752 INFO o.a.j.t.JMeterThread: Thread finished: Stress - Account registration 1-71
2026-08-18 09:44:32,752 INFO o.a.j.t.JMeterThread: Stopping because end time detected by thread: Stress - Account registration 1-386
2026-08-18 09:44:32,752 INFO o.a.j.t.JMeterThread: Thread finished: Stress - Account registration 1-386
2026-08-18 09:44:32,753 INFO o.a.j.t.JMeterThread: Stopping because end time detected by thread: Stress - Account registration 1-31
2026-08-18 09:44:32,753 INFO o.a.j.t.JMeterThread: Thread finished: Stress - Account registration 1-31
2026-08-18 09:44:32,753 INFO o.a.j.t.JMeterThread: Stopping because end time detected by thread: Stress - Account registration 1-283
2026-08-18 09:44:32,753 INFO o.a.j.t.JMeterThread: Stopping because end time detected by thread: Stress - Account registration 1-239
2026-08-18 09:44:32,754 INFO o.a.j.t.JMeterThread: Thread finished: Stress - Account registration 1-283
2026-08-18 09:44:32,754 INFO o.a.j.t.JMeterThread: Thread finished: Stress - Account registration 1-239
2026-08-18 09:44:32,754 INFO o.a.j.t.JMeterThread: Stopping because end time detected by thread: Stress - Account registration 1-397
2026-08-18 09:44:32,754 INFO o.a.j.t.JMeterThread: Thread finished: Stress - Account registration 1-397
2026-08-18 09:44:32,754 INFO o.a.j.t.JMeterThread: Stopping because end time detected by thread: Stress - Account registration 1-88
2026-08-18 09:44:32,754 INFO o.a.j.t.JMeterThread: Thread finished: Stress - Account registration 1-88
2026-08-18 09:44:32,754 INFO o.a.j.t.JMeterThread: Stopping because end time detected by thread: Stress - Account registration 1-398
2026-08-18 09:44:32,754 INFO o.a.j.t.JMeterThread: Thread finished: Stress - Account registration 1-398
2026-08-18 09:44:32,754 INFO o.a.j.t.JMeterThread: Stopping because end time detected by thread: Stress - Account registration 1-390
2026-08-18 09:44:32,755 INFO o.a.j.t.JMeterThread: Thread finished: Stress - Account registration 1-390
2026-08-18 09:44:32,757 INFO o.a.j.t.JMeterThread: Stopping because end time detected by thread: Stress - Account registration 1-162
2026-08-18 09:44:32,757 INFO o.a.j.t.JMeterThread: Thread finished: Stress - Account registration 1-162
2026-08-18 09:44:32,757 INFO o.a.j.t.JMeterThread: Stopping because end time detected by thread: Stress - Account registration 1-170
2026-08-18 09:44:32,757 INFO o.a.j.t.JMeterThread: Thread finished: Stress - Account registration 1-170
2026-08-18 09:44:32,758 INFO o.a.j.t.JMeterThread: Stopping because end time detected by thread: Stress - Account registration 1-80
2026-08-18 09:44:32,758 INFO o.a.j.t.JMeterThread: Thread finished: Stress - Account registration 1-80
2026-08-18 09:44:32,758 INFO o.a.j.t.JMeterThread: Stopping because end time detected by thread: Stress - Account registration 1-357
2026-08-18 09:44:32,758 INFO o.a.j.t.JMeterThread: Thread finished: Stress - Account registration 1-357
2026-08-18 09:44:32,758 INFO o.a.j.t.JMeterThread: Stopping because end time detected by thread: Stress - Account registration 1-344
2026-08-18 09:44:32,758 INFO o.a.j.t.JMeterThread: Stopping because end time detected by thread: Stress - Account registration 1-247
2026-08-18 09:44:32,759 INFO o.a.j.t.JMeterThread: Stopping because end time detected by thread: Stress - Account registration 1-209
2026-08-18 09:44:32,759 INFO o.a.j.t.JMeterThread: Thread finished: Stress - Account registration 1-344
2026-08-18 09:44:32,759 INFO o.a.j.t.JMeterThread: Thread finished: Stress - Account registration 1-209
2026-08-18 09:44:32,759 INFO o.a.j.t.JMeterThread: Thread finished: Stress - Account registration 1-247
2026-08-18 09:44:32,759 INFO o.a.j.t.JMeterThread: Stopping because end time detected by thread: Stress - Account registration 1-375
2026-08-18 09:44:32,759 INFO o.a.j.t.JMeterThread: Thread finished: Stress - Account registration 1-375
2026-08-18 09:44:32,759 INFO o.a.j.t.JMeterThread: Stopping because end time detected by thread: Stress - Account registration 1-189
2026-08-18 09:44:32,759 INFO o.a.j.t.JMeterThread: Thread finished: Stress - Account registration 1-189
2026-08-18 09:44:32,759 INFO o.a.j.t.JMeterThread: Stopping because end time detected by thread: Stress - Account registration 1-350
2026-08-18 09:44:32,759 INFO o.a.j.t.JMeterThread: Stopping because end time detected by thread: Stress - Account registration 1-280
2026-08-18 09:44:32,760 INFO o.a.j.t.JMeterThread: Thread finished: Stress - Account registration 1-350
2026-08-18 09:44:32,760 INFO o.a.j.t.JMeterThread: Thread finished: Stress - Account registration 1-280
2026-08-18 09:44:32,760 INFO o.a.j.t.JMeterThread: Stopping because end time detected by thread: Stress - Account registration 1-65
2026-08-18 09:44:32,760 INFO o.a.j.t.JMeterThread: Thread finished: Stress - Account registration 1-65
2026-08-18 09:44:32,782 INFO o.a.j.t.JMeterThread: Stopping because end time detected by thread: Stress - Account registration 1-34
2026-08-18 09:44:32,782 INFO o.a.j.t.JMeterThread: Thread finished: Stress - Account registration 1-34
2026-08-18 09:44:32,807 INFO o.a.j.t.JMeterThread: Stopping because end time detected by thread: Stress - Account registration 1-26
2026-08-18 09:44:32,807 INFO o.a.j.t.JMeterThread: Thread finished: Stress - Account registration 1-26
2026-08-18 09:44:32,867 INFO o.a.j.t.JMeterThread: Stopping because end time detected by thread: Stress - Account registration 1-327
2026-08-18 09:44:32,867 INFO o.a.j.t.JMeterThread: Thread finished: Stress - Account registration 1-327
2026-08-18 09:44:33,006 INFO o.a.j.t.JMeterThread: Stopping because end time detected by thread: Stress - Account registration 1-324
2026-08-18 09:44:33,006 INFO o.a.j.t.JMeterThread: Thread finished: Stress - Account registration 1-324
2026-08-18 09:44:33,015 INFO o.a.j.t.JMeterThread: Stopping because end time detected by thread: Stress - Account registration 1-387
2026-08-18 09:44:33,015 INFO o.a.j.t.JMeterThread: Thread finished: Stress - Account registration 1-387
2026-08-18 09:44:33,015 INFO o.a.j.t.JMeterThread: Stopping because end time detected by thread: Stress - Account registration 1-341
2026-08-18 09:44:33,015 INFO o.a.j.t.JMeterThread: Thread finished: Stress - Account registration 1-341
2026-08-18 09:44:33,015 INFO o.a.j.t.JMeterThread: Stopping because end time detected by thread: Stress - Account registration 1-75
2026-08-18 09:44:33,015 INFO o.a.j.t.JMeterThread: Thread finished: Stress - Account registration 1-75
2026-08-18 09:44:33,015 INFO o.a.j.t.JMeterThread: Stopping because end time detected by thread: Stress - Account registration 1-219
2026-08-18 09:44:33,015 INFO o.a.j.t.JMeterThread: Stopping because end time detected by thread: Stress - Account registration 1-272
2026-08-18 09:44:33,015 INFO o.a.j.t.JMeterThread: Thread finished: Stress - Account registration 1-219
2026-08-18 09:44:33,015 INFO o.a.j.t.JMeterThread: Thread finished: Stress - Account registration 1-272
2026-08-18 09:44:33,015 INFO o.a.j.t.JMeterThread: Stopping because end time detected by thread: Stress - Account registration 1-138
2026-08-18 09:44:33,015 INFO o.a.j.t.JMeterThread: Thread finished: Stress - Account registration 1-138
2026-08-18 09:44:33,015 INFO o.a.j.t.JMeterThread: Stopping because end time detected by thread: Stress - Account registration 1-277
2026-08-18 09:44:33,015 INFO o.a.j.t.JMeterThread: Thread finished: Stress - Account registration 1-277
2026-08-18 09:44:33,015 INFO o.a.j.t.JMeterThread: Stopping because end time detected by thread: Stress - Account registration 1-168
2026-08-18 09:44:33,017 INFO o.a.j.t.JMeterThread: Thread finished: Stress - Account registration 1-168
2026-08-18 09:44:33,017 INFO o.a.j.t.JMeterThread: Stopping because end time detected by thread: Stress - Account registration 1-337
2026-08-18 09:44:33,017 INFO o.a.j.t.JMeterThread: Stopping because end time detected by thread: Stress - Account registration 1-46
2026-08-18 09:44:33,017 INFO o.a.j.t.JMeterThread: Thread finished: Stress - Account registration 1-337
2026-08-18 09:44:33,017 INFO o.a.j.t.JMeterThread: Thread finished: Stress - Account registration 1-46
2026-08-18 09:44:33,017 INFO o.a.j.t.JMeterThread: Stopping because end time detected by thread: Stress - Account registration 1-256
2026-08-18 09:44:33,017 INFO o.a.j.t.JMeterThread: Thread finished: Stress - Account registration 1-256
2026-08-18 09:44:33,017 INFO o.a.j.t.JMeterThread: Stopping because end time detected by thread: Stress - Account registration 1-94
2026-08-18 09:44:33,017 INFO o.a.j.t.JMeterThread: Thread finished: Stress - Account registration 1-94
2026-08-18 09:44:33,018 INFO o.a.j.t.JMeterThread: Stopping because end time detected by thread: Stress - Account registration 1-181
2026-08-18 09:44:33,018 INFO o.a.j.t.JMeterThread: Thread finished: Stress - Account registration 1-181
2026-08-18 09:44:33,018 INFO o.a.j.t.JMeterThread: Stopping because end time detected by thread: Stress - Account registration 1-187
2026-08-18 09:44:33,018 INFO o.a.j.t.JMeterThread: Stopping because end time detected by thread: Stress - Account registration 1-139
2026-08-18 09:44:33,018 INFO o.a.j.t.JMeterThread: Thread finished: Stress - Account registration 1-187
2026-08-18 09:44:33,018 INFO o.a.j.t.JMeterThread: Thread finished: Stress - Account registration 1-139
2026-08-18 09:44:33,018 INFO o.a.j.t.JMeterThread: Stopping because end time detected by thread: Stress - Account registration 1-124
2026-08-18 09:44:33,018 INFO o.a.j.t.JMeterThread: Thread finished: Stress - Account registration 1-124
2026-08-18 09:44:33,018 INFO o.a.j.t.JMeterThread: Stopping because end time detected by thread: Stress - Account registration 1-146
2026-08-18 09:44:33,018 INFO o.a.j.t.JMeterThread: Thread finished: Stress - Account registration 1-146
2026-08-18 09:44:33,018 INFO o.a.j.t.JMeterThread: Stopping because end time detected by thread: Stress - Account registration 1-24
2026-08-18 09:44:33,019 INFO o.a.j.t.JMeterThread: Thread finished: Stress - Account registration 1-24
2026-08-18 09:44:33,024 INFO o.a.j.t.JMeterThread: Stopping because end time detected by thread: Stress - Account registration 1-301
2026-08-18 09:44:33,024 INFO o.a.j.t.JMeterThread: Stopping because end time detected by thread: Stress - Account registration 1-176
2026-08-18 09:44:33,024 INFO o.a.j.t.JMeterThread: Stopping because end time detected by thread: Stress - Account registration 1-93
2026-08-18 09:44:33,024 INFO o.a.j.t.JMeterThread: Stopping because end time detected by thread: Stress - Account registration 1-41
2026-08-18 09:44:33,024 INFO o.a.j.t.JMeterThread: Thread finished: Stress - Account registration 1-301
2026-08-18 09:44:33,024 INFO o.a.j.t.JMeterThread: Thread finished: Stress - Account registration 1-41
2026-08-18 09:44:33,024 INFO o.a.j.t.JMeterThread: Thread finished: Stress - Account registration 1-176
2026-08-18 09:44:33,024 INFO o.a.j.t.JMeterThread: Thread finished: Stress - Account registration 1-93
2026-08-18 09:44:33,024 INFO o.a.j.t.JMeterThread: Stopping because end time detected by thread: Stress - Account registration 1-384
2026-08-18 09:44:33,025 INFO o.a.j.t.JMeterThread: Thread finished: Stress - Account registration 1-384
2026-08-18 09:44:33,025 INFO o.a.j.t.JMeterThread: Stopping because end time detected by thread: Stress - Account registration 1-226
2026-08-18 09:44:33,025 INFO o.a.j.t.JMeterThread: Stopping because end time detected by thread: Stress - Account registration 1-89
2026-08-18 09:44:33,025 INFO o.a.j.t.JMeterThread: Thread finished: Stress - Account registration 1-226
2026-08-18 09:44:33,025 INFO o.a.j.t.JMeterThread: Thread finished: Stress - Account registration 1-89
2026-08-18 09:44:33,025 INFO o.a.j.t.JMeterThread: Stopping because end time detected by thread: Stress - Account registration 1-20
2026-08-18 09:44:33,025 INFO o.a.j.t.JMeterThread: Thread finished: Stress - Account registration 1-20
2026-08-18 09:44:33,025 INFO o.a.j.t.JMeterThread: Stopping because end time detected by thread: Stress - Account registration 1-15
2026-08-18 09:44:33,025 INFO o.a.j.t.JMeterThread: Thread finished: Stress - Account registration 1-15
2026-08-18 09:44:33,025 INFO o.a.j.t.JMeterThread: Stopping because end time detected by thread: Stress - Account registration 1-228
2026-08-18 09:44:33,025 INFO o.a.j.t.JMeterThread: Thread finished: Stress - Account registration 1-228
2026-08-18 09:44:33,025 INFO o.a.j.t.JMeterThread: Stopping because end time detected by thread: Stress - Account registration 1-134
2026-08-18 09:44:33,026 INFO o.a.j.t.JMeterThread: Stopping because end time detected by thread: Stress - Account registration 1-2
2026-08-18 09:44:33,026 INFO o.a.j.t.JMeterThread: Thread finished: Stress - Account registration 1-134
2026-08-18 09:44:33,026 INFO o.a.j.t.JMeterThread: Stopping because end time detected by thread: Stress - Account registration 1-293
2026-08-18 09:44:33,026 INFO o.a.j.t.JMeterThread: Thread finished: Stress - Account registration 1-2
2026-08-18 09:44:33,026 INFO o.a.j.t.JMeterThread: Thread finished: Stress - Account registration 1-293
2026-08-18 09:44:33,026 INFO o.a.j.t.JMeterThread: Stopping because end time detected by thread: Stress - Account registration 1-211
2026-08-18 09:44:33,026 INFO o.a.j.t.JMeterThread: Thread finished: Stress - Account registration 1-211
2026-08-18 09:44:33,026 INFO o.a.j.t.JMeterThread: Stopping because end time detected by thread: Stress - Account registration 1-238
2026-08-18 09:44:33,026 INFO o.a.j.t.JMeterThread: Thread finished: Stress - Account registration 1-238
2026-08-18 09:44:33,026 INFO o.a.j.t.JMeterThread: Stopping because end time detected by thread: Stress - Account registration 1-361
2026-08-18 09:44:33,026 INFO o.a.j.t.JMeterThread: Stopping because end time detected by thread: Stress - Account registration 1-177
2026-08-18 09:44:33,026 INFO o.a.j.t.JMeterThread: Thread finished: Stress - Account registration 1-177
2026-08-18 09:44:33,026 INFO o.a.j.t.JMeterThread: Thread finished: Stress - Account registration 1-361
2026-08-18 09:44:33,027 INFO o.a.j.t.JMeterThread: Stopping because end time detected by thread: Stress - Account registration 1-383
2026-08-18 09:44:33,027 INFO o.a.j.t.JMeterThread: Thread finished: Stress - Account registration 1-383
2026-08-18 09:44:33,027 INFO o.a.j.t.JMeterThread: Stopping because end time detected by thread: Stress - Account registration 1-262
2026-08-18 09:44:33,027 INFO o.a.j.t.JMeterThread: Thread finished: Stress - Account registration 1-262
2026-08-18 09:44:33,027 INFO o.a.j.t.JMeterThread: Stopping because end time detected by thread: Stress - Account registration 1-314
2026-08-18 09:44:33,027 INFO o.a.j.t.JMeterThread: Thread finished: Stress - Account registration 1-314
2026-08-18 09:44:33,027 INFO o.a.j.t.JMeterThread: Stopping because end time detected by thread: Stress - Account registration 1-202
2026-08-18 09:44:33,027 INFO o.a.j.t.JMeterThread: Stopping because end time detected by thread: Stress - Account registration 1-356
2026-08-18 09:44:33,027 INFO o.a.j.t.JMeterThread: Thread finished: Stress - Account registration 1-356
2026-08-18 09:44:33,027 INFO o.a.j.t.JMeterThread: Thread finished: Stress - Account registration 1-202
2026-08-18 09:44:33,027 INFO o.a.j.t.JMeterThread: Stopping because end time detected by thread: Stress - Account registration 1-178
2026-08-18 09:44:33,027 INFO o.a.j.t.JMeterThread: Thread finished: Stress - Account registration 1-178
2026-08-18 09:44:33,028 INFO o.a.j.t.JMeterThread: Stopping because end time detected by thread: Stress - Account registration 1-299
2026-08-18 09:44:33,028 INFO o.a.j.t.JMeterThread: Thread finished: Stress - Account registration 1-299
2026-08-18 09:44:33,028 INFO o.a.j.t.JMeterThread: Stopping because end time detected by thread: Stress - Account registration 1-197
2026-08-18 09:44:33,028 INFO o.a.j.t.JMeterThread: Thread finished: Stress - Account registration 1-197
2026-08-18 09:44:33,028 INFO o.a.j.t.JMeterThread: Stopping because end time detected by thread: Stress - Account registration 1-346
2026-08-18 09:44:33,028 INFO o.a.j.t.JMeterThread: Stopping because end time detected by thread: Stress - Account registration 1-70
2026-08-18 09:44:33,028 INFO o.a.j.t.JMeterThread: Thread finished: Stress - Account registration 1-346
2026-08-18 09:44:33,028 INFO o.a.j.t.JMeterThread: Thread finished: Stress - Account registration 1-70
2026-08-18 09:44:33,028 INFO o.a.j.t.JMeterThread: Stopping because end time detected by thread: Stress - Account registration 1-306
2026-08-18 09:44:33,028 INFO o.a.j.t.JMeterThread: Thread finished: Stress - Account registration 1-306
2026-08-18 09:44:33,028 INFO o.a.j.t.JMeterThread: Stopping because end time detected by thread: Stress - Account registration 1-273
2026-08-18 09:44:33,028 INFO o.a.j.t.JMeterThread: Thread finished: Stress - Account registration 1-273
2026-08-18 09:44:33,029 INFO o.a.j.t.JMeterThread: Stopping because end time detected by thread: Stress - Account registration 1-320
2026-08-18 09:44:33,029 INFO o.a.j.t.JMeterThread: Thread finished: Stress - Account registration 1-320
2026-08-18 09:44:33,029 INFO o.a.j.t.JMeterThread: Stopping because end time detected by thread: Stress - Account registration 1-290
2026-08-18 09:44:33,029 INFO o.a.j.t.JMeterThread: Stopping because end time detected by thread: Stress - Account registration 1-76
2026-08-18 09:44:33,029 INFO o.a.j.t.JMeterThread: Thread finished: Stress - Account registration 1-290
2026-08-18 09:44:33,029 INFO o.a.j.t.JMeterThread: Thread finished: Stress - Account registration 1-76
2026-08-18 09:44:33,029 INFO o.a.j.t.JMeterThread: Stopping because end time detected by thread: Stress - Account registration 1-307
2026-08-18 09:44:33,029 INFO o.a.j.t.JMeterThread: Thread finished: Stress - Account registration 1-307
2026-08-18 09:44:33,029 INFO o.a.j.t.JMeterThread: Stopping because end time detected by thread: Stress - Account registration 1-371
2026-08-18 09:44:33,029 INFO o.a.j.t.JMeterThread: Thread finished: Stress - Account registration 1-371
2026-08-18 09:44:33,030 INFO o.a.j.e.StandardJMeterEngine: Notifying test listeners of end of test
2026-08-18 09:44:33,030 INFO o.a.j.s.FileServer: Close: data/register_users.csv
2026-08-18 09:44:33,031 INFO o.a.j.r.Summariser: summary +    796 in 00:00:03 =  281.1/s Avg:  1790 Min:   974 Max:  2394 Err:     0 (0.00%) Active: 0 Started: 400 Finished: 400
2026-08-18 09:44:33,031 INFO o.a.j.r.Summariser: summary =  11213 in 00:01:02 =  182.1/s Avg:  1515 Min:     6 Max:  3414 Err:     0 (0.00%)
2026-08-18 09:44:33,031 INFO o.a.j.JMeter: Generating Dashboard
2026-08-18 09:44:33,031 INFO o.a.j.r.d.ReportGenerator: Flushing result collector before report Generation
2026-08-18 09:44:33,062 INFO o.a.j.r.p.NormalizerSampleConsumer: Using format, 'ms', to parse timeStamp field
2026-08-18 09:44:33,423 INFO o.a.j.r.p.AbstractSampleConsumer: class org.apache.jmeter.report.processor.AggregateConsumer#stopProducing(): beginDate produced 0 samples
2026-08-18 09:44:33,424 INFO o.a.j.r.p.AbstractSampleConsumer: class org.apache.jmeter.report.processor.AggregateConsumer#stopProducing(): endDate produced 0 samples
2026-08-18 09:44:33,428 INFO o.a.j.r.p.AbstractSampleConsumer: class org.apache.jmeter.report.processor.ApdexSummaryConsumer#stopProducing(): apdexSummary produced 0 samples
2026-08-18 09:44:33,428 INFO o.a.j.r.p.AbstractSampleConsumer: class org.apache.jmeter.report.processor.RequestsSummaryConsumer#stopProducing(): requestsSummary produced 0 samples
2026-08-18 09:44:33,442 INFO o.a.j.r.p.AbstractSampleConsumer: class org.apache.jmeter.report.processor.StatisticsSummaryConsumer#stopProducing(): statisticsSummary produced 0 samples
2026-08-18 09:44:33,443 INFO o.a.j.r.p.AbstractSampleConsumer: class org.apache.jmeter.report.processor.Top5ErrorsBySamplerConsumer#stopProducing(): top5ErrorsBySampler produced 0 samples
2026-08-18 09:44:33,444 INFO o.a.j.r.p.AbstractSampleConsumer: class org.apache.jmeter.report.processor.ErrorsSummaryConsumer#stopProducing(): errorsSummary produced 0 samples
2026-08-18 09:44:33,444 INFO o.a.j.r.p.AbstractSampleConsumer: class org.apache.jmeter.report.processor.graph.impl.HitsPerSecondGraphConsumer#stopProducing(): hitsPerSecond produced 0 samples
2026-08-18 09:44:33,574 INFO o.a.j.r.p.AbstractSampleConsumer: class org.apache.jmeter.report.processor.graph.impl.LatencyVSRequestGraphConsumer#stopProducing(): latencyVsRequest produced 0 samples
2026-08-18 09:44:33,575 INFO o.a.j.r.p.AbstractSampleConsumer: class org.apache.jmeter.report.processor.graph.impl.SyntheticResponseTimeDistributionGraphConsumer#stopProducing(): syntheticResponseTimeDistribution produced 0 samples
2026-08-18 09:44:33,575 INFO o.a.j.r.p.AbstractSampleConsumer: class org.apache.jmeter.report.processor.graph.impl.BytesThroughputGraphConsumer#stopProducing(): bytesThroughputOverTime produced 0 samples
2026-08-18 09:44:33,575 INFO o.a.j.r.p.AbstractSampleConsumer: class org.apache.jmeter.report.processor.graph.impl.CodesPerSecondGraphConsumer#stopProducing(): codesPerSecond produced 0 samples
2026-08-18 09:44:33,673 INFO o.a.j.r.p.AbstractSampleConsumer: class org.apache.jmeter.report.processor.graph.impl.ResponseTimeVSRequestGraphConsumer#stopProducing(): responseTimeVsRequest produced 0 samples
2026-08-18 09:44:33,674 INFO o.a.j.r.p.AbstractSampleConsumer: class org.apache.jmeter.report.processor.FilterConsumer#stopProducing(): startIntervalControlerFilter produced 78491 samples
2026-08-18 09:44:33,674 INFO o.a.j.r.p.AbstractSampleConsumer: class org.apache.jmeter.report.processor.graph.impl.TotalTPSGraphConsumer#stopProducing(): totalTPS produced 0 samples
2026-08-18 09:44:33,675 INFO o.a.j.r.p.AbstractSampleConsumer: class org.apache.jmeter.report.processor.graph.impl.ActiveThreadsGraphConsumer#stopProducing(): activeThreadsOverTime produced 0 samples
2026-08-18 09:44:33,675 INFO o.a.j.r.p.AbstractSampleConsumer: class org.apache.jmeter.report.processor.graph.impl.TimeVSThreadGraphConsumer#stopProducing(): timeVsThreads produced 0 samples
2026-08-18 09:44:33,675 INFO o.a.j.r.p.AbstractSampleConsumer: class org.apache.jmeter.report.processor.graph.impl.ResponseTimeDistributionGraphConsumer#stopProducing(): responseTimeDistribution produced 0 samples
2026-08-18 09:44:33,676 INFO o.a.j.r.p.AbstractSampleConsumer: class org.apache.jmeter.report.processor.graph.impl.TransactionsPerSecondGraphConsumer#stopProducing(): transactionsPerSecond produced 0 samples
2026-08-18 09:44:33,676 INFO o.a.j.r.p.AbstractSampleConsumer: class org.apache.jmeter.report.processor.graph.impl.ResponseTimePercentilesGraphConsumer#stopProducing(): responseTimePercentiles produced 0 samples
2026-08-18 09:44:33,684 INFO o.a.j.r.p.AbstractSampleConsumer: class org.apache.jmeter.report.processor.graph.impl.ResponseTimePercentilesOverTimeGraphConsumer#stopProducing(): responseTimePercentilesOverTime produced 0 samples
2026-08-18 09:44:33,686 INFO o.a.j.r.p.AbstractSampleConsumer: class org.apache.jmeter.report.processor.graph.impl.ResponseTimeOverTimeGraphConsumer#stopProducing(): responseTimesOverTime produced 0 samples
2026-08-18 09:44:33,686 INFO o.a.j.r.p.AbstractSampleConsumer: class org.apache.jmeter.report.processor.graph.impl.ConnectTimeOverTimeGraphConsumer#stopProducing(): connectTimeOverTime produced 0 samples
2026-08-18 09:44:33,686 INFO o.a.j.r.p.AbstractSampleConsumer: class org.apache.jmeter.report.processor.graph.impl.LatencyOverTimeGraphConsumer#stopProducing(): latenciesOverTime produced 0 samples
2026-08-18 09:44:33,686 INFO o.a.j.r.p.AbstractSampleConsumer: class org.apache.jmeter.report.processor.FilterConsumer#stopProducing(): nameFilter produced 168195 samples
2026-08-18 09:44:33,686 INFO o.a.j.r.p.AbstractSampleConsumer: class org.apache.jmeter.report.processor.FilterConsumer#stopProducing(): dateRangeFilter produced 33639 samples
2026-08-18 09:44:33,686 INFO o.a.j.r.p.AbstractSampleConsumer: class org.apache.jmeter.report.processor.NormalizerSampleConsumer#stopProducing(): normalizer produced 11213 samples
2026-08-18 09:44:33,687 INFO o.a.j.r.p.CsvFileSampleSource: produce(): 11213 samples produced in 599ms on channel 0
2026-08-18 09:44:33,687 INFO o.a.j.r.d.ReportGenerator: Exporting data using exporter:'json' of className:'org.apache.jmeter.report.dashboard.JsonExporter'
2026-08-18 09:44:33,806 INFO o.a.j.r.d.JsonExporter: Found data for consumer statisticsSummary in context
2026-08-18 09:44:33,806 INFO o.a.j.r.d.JsonExporter: Creating statistics for overall
2026-08-18 09:44:33,807 INFO o.a.j.r.d.JsonExporter: Creating statistics for other transactions
2026-08-18 09:44:33,807 INFO o.a.j.r.d.JsonExporter: Checking output folder
2026-08-18 09:44:33,808 INFO o.a.j.r.d.JsonExporter: Writing statistics JSON to C:\Users\nguye\Documents\GitHub\Homework05-23127116\html-reports\stress\statistics.json
2026-08-18 09:44:33,844 INFO o.a.j.r.d.ReportGenerator: Exporting data using exporter:'html' of className:'org.apache.jmeter.report.dashboard.HtmlTemplateExporter'
2026-08-18 09:44:33,847 INFO o.a.j.r.d.HtmlTemplateExporter: Will generate dashboard in folder: C:\Users\nguye\Documents\GitHub\Homework05-23127116\html-reports\stress
2026-08-18 09:44:33,929 INFO o.a.j.r.d.HtmlTemplateExporter: Report will be generated in: C:\Users\nguye\Documents\GitHub\Homework05-23127116\html-reports\stress, creating folder structure
2026-08-18 09:44:33,932 INFO o.a.j.r.d.TemplateVisitor: Copying folder from 'C:\Users\nguye\Documents\GitHub\HW05-23127116\.tools\apache-jmeter-5.6.3\bin\report-template' to 'C:\Users\nguye\Documents\GitHub\Homework05-23127116\html-reports\stress', got message: C:\Users\nguye\Documents\GitHub\Homework05-23127116\html-reports\stress, found non empty folder with following content [C:\Users\nguye\Documents\GitHub\Homework05-23127116\html-reports\stress\statistics.json], will be ignored
2026-08-18 09:44:34,207 INFO o.a.j.JMeter: Dashboard generated
